REF_AREA,TIME_PERIOD,GDP_PC
AT,2000-01-01,85.394
AT,2000-04-01,89.566
AT,2000-07-01,90.35
AT,2000-10-01,93.096
AT,2001-01-01,87.971
AT,2001-04-01,90.635
AT,2001-07-01,90.406
AT,2001-10-01,92.728
AT,2002-01-01,88.638
AT,2002-04-01,91.966
AT,2002-07-01,91.663
AT,2002-10-01,93.034
AT,2003-01-01,88.134
AT,2003-04-01,92.22
AT,2003-07-01,92.63
AT,2003-10-01,94.837
AT,2004-01-01,89.405
AT,2004-04-01,94.142
AT,2004-07-01,94.69
AT,2004-10-01,96.649
AT,2005-01-01,91.061
AT,2005-04-01,96.225
AT,2005-07-01,95.038
AT,2005-10-01,98.661
AT,2006-01-01,94.457
AT,2006-04-01,97.803
AT,2006-07-01,97.397
AT,2006-10-01,101.761
AT,2007-01-01,97.668
AT,2007-04-01,101.688
AT,2007-07-01,101.137
AT,2007-10-01,104.369
AT,2008-01-01,100.231
AT,2008-04-01,104.292
AT,2008-07-01,102.11
AT,2008-10-01,102.819
AT,2009-01-01,95.396
AT,2009-04-01,98.172
AT,2009-07-01,98.338
AT,2009-10-01,101.914
AT,2010-01-01,95.026
AT,2010-04-01,99.488
AT,2010-07-01,100.582
AT,2010-10-01,104.903
AT,2011-01-01,99.476
AT,2011-04-01,102.432
AT,2011-07-01,102.408
AT,2011-10-01,106.047
AT,2012-01-01,100.746
AT,2012-04-01,102.375
AT,2012-07-01,102.448
AT,2012-10-01,105.521
AT,2013-01-01,99.04
AT,2013-04-01,101.327
AT,2013-07-01,101.599
AT,2013-10-01,105.622
AT,2014-01-01,99.044
AT,2014-04-01,101.391
AT,2014-07-01,101.293
AT,2014-10-01,105.729
AT,2015-01-01,99.457
AT,2015-04-01,101.552
AT,2015-07-01,101.742
AT,2015-10-01,105.914
AT,2016-01-01,100.498
AT,2016-04-01,102.619
AT,2016-07-01,101.988
AT,2016-10-01,106.959
AT,2017-01-01,102.699
AT,2017-04-01,103.82
AT,2017-07-01,103.595
AT,2017-10-01,108.671
AT,2018-01-01,104.162
AT,2018-04-01,105.967
AT,2018-07-01,105.39
AT,2018-10-01,111.6
AT,2019-01-01,106.908
AT,2019-04-01,107.436
AT,2019-07-01,106.947
AT,2019-10-01,111.374
AT,2020-01-01,103.51
AT,2020-04-01,92.368
AT,2020-07-01,102.153
AT,2020-10-01,105.514
AT,2021-01-01,97.634
AT,2021-04-01,104.693
AT,2021-07-01,107.135
AT,2021-10-01,111.773
AT,2022-01-01,106.422
AT,2022-04-01,110.405
AT,2022-07-01,108.655
AT,2022-10-01,113.023
AT,2023-01-01,108.128
AT,2023-04-01,107.622
AT,2023-07-01,105.484
AT,2023-10-01,109.409
AT,2024-01-01,105.466
AT,2024-04-01,105.486
AT,2024-07-01,103.987
AT,2024-10-01,108.33
BE,2000-01-01,88.291
BE,2000-04-01,90.422
BE,2000-07-01,88.071
BE,2000-10-01,92.097
BE,2001-01-01,89.855
BE,2001-04-01,91.596
BE,2001-07-01,88.47
BE,2001-10-01,91.665
BE,2002-01-01,89.876
BE,2002-04-01,92.608
BE,2002-07-01,89.914
BE,2002-10-01,93.711
BE,2003-01-01,90.891
BE,2003-04-01,92.9
BE,2003-07-01,90.18
BE,2003-10-01,94.387
BE,2004-01-01,93.116
BE,2004-04-01,95.865
BE,2004-07-01,93.421
BE,2004-10-01,97.462
BE,2005-01-01,95.307
BE,2005-04-01,97.742
BE,2005-07-01,94.581
BE,2005-10-01,98.921
BE,2006-01-01,97.001
BE,2006-04-01,99.201
BE,2006-07-01,96.406
BE,2006-10-01,101.203
BE,2007-01-01,100.009
BE,2007-04-01,102.395
BE,2007-07-01,99.33
BE,2007-10-01,103.563
BE,2008-01-01,101.149
BE,2008-04-01,103.43
BE,2008-07-01,98.863
BE,2008-10-01,100.489
BE,2009-01-01,94.617
BE,2009-04-01,98.743
BE,2009-07-01,94.748
BE,2009-10-01,104.898
BE,2010-01-01,96.437
BE,2010-04-01,101.164
BE,2010-07-01,96.14
BE,2010-10-01,106.259
BE,2011-01-01,97.496
BE,2011-04-01,101.886
BE,2011-07-01,96.658
BE,2011-10-01,106.433
BE,2012-01-01,97.311
BE,2012-04-01,101.485
BE,2012-07-01,96.356
BE,2012-10-01,105.688
BE,2013-01-01,96.309
BE,2013-04-01,101.456
BE,2013-07-01,96.327
BE,2013-10-01,106.093
BE,2014-01-01,97.866
BE,2014-04-01,102.685
BE,2014-07-01,97.572
BE,2014-10-01,107.314
BE,2015-01-01,99.018
BE,2015-04-01,104.06
BE,2015-07-01,98.177
BE,2015-10-01,107.788
BE,2016-01-01,99.637
BE,2016-04-01,104.745
BE,2016-07-01,98.826
BE,2016-10-01,108.632
BE,2017-01-01,101.028
BE,2017-04-01,105.841
BE,2017-07-01,99.473
BE,2017-10-01,109.943
BE,2018-01-01,102.087
BE,2018-04-01,107.302
BE,2018-07-01,101.024
BE,2018-10-01,111.775
BE,2019-01-01,103.849
BE,2019-04-01,109.301
BE,2019-07-01,103.344
BE,2019-10-01,113.671
BE,2020-01-01,102.793
BE,2020-04-01,95.816
BE,2020-07-01,100.14
BE,2020-10-01,109.037
BE,2021-01-01,102.84
BE,2021-04-01,109.053
BE,2021-07-01,104.093
BE,2021-10-01,115.3
BE,2022-01-01,107.452
BE,2022-04-01,113.783
BE,2022-07-01,107.159
BE,2022-10-01,117.542
BE,2023-01-01,109.211
BE,2023-04-01,114.249
BE,2023-07-01,106.941
BE,2023-10-01,117.311
BE,2024-01-01,109.277
BE,2024-04-01,114.646
BE,2024-07-01,107.578
BE,2024-10-01,117.979
CY,2000-01-01,79.991
CY,2000-04-01,88.997
CY,2000-07-01,88.348
CY,2000-10-01,85.701
CY,2001-01-01,81.514
CY,2001-04-01,89.758
CY,2001-07-01,92.402
CY,2001-10-01,89.014
CY,2002-01-01,84.044
CY,2002-04-01,92.28
CY,2002-07-01,93.134
CY,2002-10-01,92.248
CY,2003-01-01,86.916
CY,2003-04-01,91.451
CY,2003-07-01,94.761
CY,2003-10-01,93.556
CY,2004-01-01,90.22
CY,2004-04-01,94.97
CY,2004-07-01,98.1
CY,2004-10-01,96.736
CY,2005-01-01,93.246
CY,2005-04-01,98.264
CY,2005-07-01,101.218
CY,2005-10-01,100.019
CY,2006-01-01,96.089
CY,2006-04-01,101.976
CY,2006-07-01,103.845
CY,2006-10-01,102.59
CY,2007-01-01,99.685
CY,2007-04-01,104.327
CY,2007-07-01,106.246
CY,2007-10-01,105.872
CY,2008-01-01,101.902
CY,2008-04-01,106.909
CY,2008-07-01,107.402
CY,2008-10-01,104.512
CY,2009-01-01,97.596
CY,2009-04-01,101.254
CY,2009-07-01,101.426
CY,2009-10-01,100.946
CY,2010-01-01,96.474
CY,2010-04-01,100.892
CY,2010-07-01,101.652
CY,2010-10-01,100.983
CY,2011-01-01,95.698
CY,2011-04-01,100.211
CY,2011-07-01,98.211
CY,2011-10-01,97.457
CY,2012-01-01,91.85
CY,2012-04-01,94.821
CY,2012-07-01,94.664
CY,2012-10-01,91.516
CY,2013-01-01,84.652
CY,2013-04-01,87.526
CY,2013-07-01,89.285
CY,2013-10-01,87.137
CY,2014-01-01,81.842
CY,2014-04-01,87.047
CY,2014-07-01,88.028
CY,2014-10-01,85.947
CY,2015-01-01,82.534
CY,2015-04-01,89.959
CY,2015-07-01,91.121
CY,2015-10-01,90.229
CY,2016-01-01,87.809
CY,2016-04-01,95.226
CY,2016-07-01,96.137
CY,2016-10-01,95.924
CY,2017-01-01,92.755
CY,2017-04-01,100.107
CY,2017-07-01,100.707
CY,2017-10-01,99.84
CY,2018-01-01,97.724
CY,2018-04-01,105.197
CY,2018-07-01,105.289
CY,2018-10-01,104.979
CY,2019-01-01,101.528
CY,2019-04-01,109.048
CY,2019-07-01,111.451
CY,2019-10-01,109.66
CY,2020-01-01,103.138
CY,2020-04-01,95.918
CY,2020-07-01,105.243
CY,2020-10-01,107.907
CY,2021-01-01,106.061
CY,2021-04-01,111.477
CY,2021-07-01,117.472
CY,2021-10-01,117.377
CY,2022-01-01,114.974
CY,2022-04-01,118.713
CY,2022-07-01,123.396
CY,2022-10-01,119.896
CY,2023-01-01,116.231
CY,2023-04-01,119.021
CY,2023-07-01,123.803
CY,2023-10-01,120.575
CY,2024-01-01,118.361
CY,2024-04-01,121.335
CY,2024-07-01,126.61
CY,2024-10-01,121.914
DE,2000-01-01,88.807
DE,2000-04-01,89.501
DE,2000-07-01,90.938
DE,2000-10-01,91.801
DE,2001-01-01,90.81
DE,2001-04-01,90.743
DE,2001-07-01,92.125
DE,2001-10-01,92.995
DE,2002-01-01,89.054
DE,2002-04-01,90.65
DE,2002-07-01,92.793
DE,2002-10-01,93.065
DE,2003-01-01,88.778
DE,2003-04-01,89.614
DE,2003-07-01,92.291
DE,2003-10-01,93.054
DE,2004-01-01,90.385
DE,2004-04-01,91.453
DE,2004-07-01,92.622
DE,2004-10-01,93.957
DE,2005-01-01,90.084
DE,2005-04-01,92.755
DE,2005-07-01,94.025
DE,2005-10-01,95.352
DE,2006-01-01,94.131
DE,2006-04-01,95.46
DE,2006-07-01,97.559
DE,2006-10-01,100.219
DE,2007-01-01,98.152
DE,2007-04-01,98.529
DE,2007-07-01,100.413
DE,2007-10-01,102.348
DE,2008-01-01,100.2
DE,2008-04-01,101.626
DE,2008-07-01,101.643
DE,2008-10-01,100.75
DE,2009-01-01,93.829
DE,2009-04-01,94.172
DE,2009-07-01,96.569
DE,2009-10-01,98.56
DE,2010-01-01,96.607
DE,2010-04-01,98.842
DE,2010-07-01,101.299
DE,2010-10-01,103.252
DE,2011-01-01,102.643
DE,2011-04-01,102.656
DE,2011-07-01,104.512
DE,2011-10-01,105.289
DE,2012-01-01,104.179
DE,2012-04-01,102.792
DE,2012-07-01,104.337
DE,2012-10-01,104.957
DE,2013-01-01,102.16
DE,2013-04-01,103.477
DE,2013-07-01,105.342
DE,2013-10-01,105.75
DE,2014-01-01,105.076
DE,2014-04-01,104.373
DE,2014-07-01,106.689
DE,2014-10-01,107.867
DE,2015-01-01,105.645
DE,2015-04-01,105.264
DE,2015-07-01,107.486
DE,2015-10-01,108.904
DE,2016-01-01,106.884
DE,2016-04-01,108.014
DE,2016-07-01,108.657
DE,2016-10-01,110.027
DE,2017-01-01,110.222
DE,2017-04-01,109.125
DE,2017-07-01,111.197
DE,2017-10-01,113.143
DE,2018-01-01,111.435
DE,2018-04-01,111.257
DE,2018-07-01,111.361
DE,2018-10-01,113.246
DE,2019-01-01,112.43
DE,2019-04-01,111.071
DE,2019-07-01,113.405
DE,2019-10-01,113.815
DE,2020-01-01,110.553
DE,2020-04-01,99.009
DE,2020-07-01,109.813
DE,2020-10-01,112.509
DE,2021-01-01,109.441
DE,2021-04-01,110.743
DE,2021-07-01,112.625
DE,2021-10-01,114.739
DE,2022-01-01,113.493
DE,2022-04-01,110.85
DE,2022-07-01,113.002
DE,2022-10-01,113.072
DE,2023-01-01,112.476
DE,2023-04-01,109.498
DE,2023-07-01,111.493
DE,2023-10-01,111.949
DE,2024-01-01,111.24
DE,2024-04-01,109.324
DE,2024-07-01,111.396
DE,2024-10-01,111.364
EE,2000-01-01,62.324
EE,2000-04-01,70.764
EE,2000-07-01,67.619
EE,2000-10-01,71.899
EE,2001-01-01,67.07
EE,2001-04-01,74.811
EE,2001-07-01,72.367
EE,2001-10-01,76.171
EE,2002-01-01,70.025
EE,2002-04-01,81.409
EE,2002-07-01,79.098
EE,2002-10-01,82.088
EE,2003-01-01,77.488
EE,2003-04-01,86.662
EE,2003-07-01,85.006
EE,2003-10-01,89.241
EE,2004-01-01,86.049
EE,2004-04-01,90.774
EE,2004-07-01,91.337
EE,2004-10-01,95.606
EE,2005-01-01,90.368
EE,2005-04-01,101.324
EE,2005-07-01,101.7
EE,2005-10-01,107.185
EE,2006-01-01,100.624
EE,2006-04-01,111.147
EE,2006-07-01,112.331
EE,2006-10-01,118.25
EE,2007-01-01,110.794
EE,2007-04-01,122.153
EE,2007-07-01,120.595
EE,2007-10-01,125.066
EE,2008-01-01,106.167
EE,2008-04-01,120.438
EE,2008-07-01,118.379
EE,2008-10-01,110.619
EE,2009-01-01,93.488
EE,2009-04-01,99.456
EE,2009-07-01,95.548
EE,2009-10-01,101.242
EE,2010-01-01,92.023
EE,2010-04-01,101.472
EE,2010-07-01,100.938
EE,2010-10-01,105.566
EE,2011-01-01,100.643
EE,2011-04-01,110.029
EE,2011-07-01,110.533
EE,2011-10-01,110.387
EE,2012-01-01,104.14
EE,2012-04-01,114.411
EE,2012-07-01,114.618
EE,2012-10-01,115.792
EE,2013-01-01,108.989
EE,2013-04-01,116.93
EE,2013-07-01,116.141
EE,2013-10-01,116.517
EE,2014-01-01,109.956
EE,2014-04-01,120.298
EE,2014-07-01,119.982
EE,2014-10-01,125.163
EE,2015-01-01,111.231
EE,2015-04-01,124.279
EE,2015-07-01,123.486
EE,2015-10-01,126.064
EE,2016-01-01,117.745
EE,2016-04-01,125.558
EE,2016-07-01,125.496
EE,2016-10-01,130.275
EE,2017-01-01,122.727
EE,2017-04-01,134.272
EE,2017-07-01,130.86
EE,2017-10-01,139.457
EE,2018-01-01,126.668
EE,2018-04-01,137.81
EE,2018-07-01,136.295
EE,2018-10-01,144.587
EE,2019-01-01,131.524
EE,2019-04-01,140.445
EE,2019-07-01,142.338
EE,2019-10-01,148.948
EE,2020-01-01,129.868
EE,2020-04-01,129.523
EE,2020-07-01,139.344
EE,2020-10-01,146.602
EE,2021-01-01,134.983
EE,2021-04-01,146.24
EE,2021-07-01,147.97
EE,2021-10-01,154.642
EE,2022-01-01,140.136
EE,2022-04-01,145.698
EE,2022-07-01,147.466
EE,2022-10-01,150.13
EE,2023-01-01,129.71
EE,2023-04-01,138.607
EE,2023-07-01,139.814
EE,2023-10-01,143.541
EE,2024-01-01,126.728
EE,2024-04-01,137.263
EE,2024-07-01,138.408
EE,2024-10-01,144.311
ES,2000-01-01,89.421
ES,2000-04-01,94.535
ES,2000-07-01,92.207
ES,2000-10-01,98.079
ES,2001-01-01,92.862
ES,2001-04-01,97.622
ES,2001-07-01,95.276
ES,2001-10-01,101.124
ES,2002-01-01,94.233
ES,2002-04-01,99.21
ES,2002-07-01,95.978
ES,2002-10-01,101.786
ES,2003-01-01,95.849
ES,2003-04-01,99.825
ES,2003-07-01,96.901
ES,2003-10-01,102.767
ES,2004-01-01,96.793
ES,2004-04-01,101.535
ES,2004-07-01,98.745
ES,2004-10-01,104.271
ES,2005-01-01,98.05
ES,2005-04-01,103.355
ES,2005-07-01,100.347
ES,2005-10-01,106.195
ES,2006-01-01,101.033
ES,2006-04-01,105.631
ES,2006-07-01,102.463
ES,2006-10-01,108.64
ES,2007-01-01,102.666
ES,2007-04-01,107.261
ES,2007-07-01,103.945
ES,2007-10-01,110.283
ES,2008-01-01,102.963
ES,2008-04-01,107.337
ES,2008-07-01,103.245
ES,2008-10-01,106.956
ES,2009-01-01,97.068
ES,2009-04-01,101.527
ES,2009-07-01,98.88
ES,2009-10-01,103.825
ES,2010-01-01,96.617
ES,2010-04-01,101.321
ES,2010-07-01,98.636
ES,2010-10-01,103.426
ES,2011-01-01,96.536
ES,2011-04-01,100.551
ES,2011-07-01,97.82
ES,2011-10-01,101.059
ES,2012-01-01,94.312
ES,2012-04-01,97.282
ES,2012-07-01,95.102
ES,2012-10-01,97.825
ES,2013-01-01,91.745
ES,2013-04-01,96.335
ES,2013-07-01,94.586
ES,2013-10-01,97.742
ES,2014-01-01,92.88
ES,2014-04-01,97.533
ES,2014-07-01,96.553
ES,2014-10-01,100.454
ES,2015-01-01,96.286
ES,2015-04-01,101.78
ES,2015-07-01,100.891
ES,2015-10-01,104.613
ES,2016-01-01,99.741
ES,2016-04-01,104.943
ES,2016-07-01,103.652
ES,2016-10-01,106.612
ES,2017-01-01,101.865
ES,2017-04-01,108.101
ES,2017-07-01,106.494
ES,2017-10-01,109.738
ES,2018-01-01,104.151
ES,2018-04-01,110.368
ES,2018-07-01,108.087
ES,2018-10-01,111.88
ES,2019-01-01,106.346
ES,2019-04-01,111.523
ES,2019-07-01,109.1
ES,2019-10-01,112.531
ES,2020-01-01,101.111
ES,2020-04-01,86.775
ES,2020-07-01,99.02
ES,2020-10-01,102.4
ES,2021-01-01,97.539
ES,2021-04-01,103.691
ES,2021-07-01,104.514
ES,2021-10-01,109.555
ES,2022-01-01,104.291
ES,2022-04-01,110.286
ES,2022-07-01,109.563
ES,2022-10-01,112.779
ES,2023-01-01,107.548
ES,2023-04-01,111.341
ES,2023-07-01,110.144
ES,2023-10-01,114.022
ES,2024-01-01,109.409
ES,2024-04-01,114.046
ES,2024-07-01,112.703
ES,2024-10-01,116.652
FI,2000-01-01,81.813
FI,2000-04-01,86.467
FI,2000-07-01,86.434
FI,2000-10-01,93.103
FI,2001-01-01,85.111
FI,2001-04-01,89.33
FI,2001-07-01,88.32
FI,2001-10-01,93.427
FI,2002-01-01,85.16
FI,2002-04-01,91.24
FI,2002-07-01,89.306
FI,2002-10-01,95.613
FI,2003-01-01,85.955
FI,2003-04-01,92.321
FI,2003-07-01,91.787
FI,2003-10-01,97.644
FI,2004-01-01,89.677
FI,2004-04-01,95.376
FI,2004-07-01,94.2
FI,2004-10-01,102.07
FI,2005-01-01,93.049
FI,2005-04-01,98.136
FI,2005-07-01,96.556
FI,2005-10-01,102.839
FI,2006-01-01,96.87
FI,2006-04-01,101.337
FI,2006-07-01,99.791
FI,2006-10-01,106.721
FI,2007-01-01,100.555
FI,2007-04-01,106.719
FI,2007-07-01,104.602
FI,2007-10-01,112.537
FI,2008-01-01,103.155
FI,2008-04-01,108.441
FI,2008-07-01,105.164
FI,2008-10-01,109.005
FI,2009-01-01,93.535
FI,2009-04-01,97.878
FI,2009-07-01,96.589
FI,2009-10-01,101.502
FI,2010-01-01,93.743
FI,2010-04-01,101.265
FI,2010-07-01,98.4
FI,2010-10-01,106.592
FI,2011-01-01,98.318
FI,2011-04-01,102.692
FI,2011-07-01,100.481
FI,2011-10-01,106.183
FI,2012-01-01,97.941
FI,2012-04-01,100.595
FI,2012-07-01,97.99
FI,2012-10-01,103.037
FI,2013-01-01,94.341
FI,2013-04-01,99.665
FI,2013-07-01,97.684
FI,2013-10-01,102.134
FI,2014-01-01,93.502
FI,2014-04-01,98.425
FI,2014-07-01,96.798
FI,2014-10-01,101.532
FI,2015-01-01,92.755
FI,2015-04-01,98.898
FI,2015-07-01,96.701
FI,2015-10-01,102.437
FI,2016-01-01,95.083
FI,2016-04-01,100.908
FI,2016-07-01,99.172
FI,2016-10-01,104.599
FI,2017-01-01,98.015
FI,2017-04-01,103.964
FI,2017-07-01,102.045
FI,2017-10-01,107.979
FI,2018-01-01,100.326
FI,2018-04-01,105.393
FI,2018-07-01,102.58
FI,2018-10-01,108.021
FI,2019-01-01,100.8
FI,2019-04-01,106.461
FI,2019-07-01,104.601
FI,2019-10-01,109.662
FI,2020-01-01,100.603
FI,2020-04-01,98.712
FI,2020-07-01,101.794
FI,2020-10-01,109.238
FI,2021-01-01,98.066
FI,2021-04-01,105.729
FI,2021-07-01,104.643
FI,2021-10-01,112.059
FI,2022-01-01,100.841
FI,2022-04-01,107.243
FI,2022-07-01,104.615
FI,2022-10-01,109.84
FI,2023-01-01,101.25
FI,2023-04-01,106.262
FI,2023-07-01,101.858
FI,2023-10-01,107.625
FI,2024-01-01,98.691
FI,2024-04-01,104.508
FI,2024-07-01,102.397
FI,2024-10-01,107.892
FR,2000-01-01,92.44
FR,2000-04-01,93.196
FR,2000-07-01,91.054
FR,2000-10-01,96.653
FR,2001-01-01,94.506
FR,2001-04-01,94.232
FR,2001-07-01,92.014
FR,2001-10-01,96.96
FR,2002-01-01,94.169
FR,2002-04-01,94.63
FR,2002-07-01,92.904
FR,2002-10-01,97.317
FR,2003-01-01,94.744
FR,2003-04-01,94.213
FR,2003-07-01,93.009
FR,2003-10-01,98.078
FR,2004-01-01,96.38
FR,2004-04-01,96.944
FR,2004-07-01,94.894
FR,2004-10-01,99.918
FR,2005-01-01,97.131
FR,2005-04-01,98.53
FR,2005-07-01,96.062
FR,2005-10-01,100.838
FR,2006-01-01,99.287
FR,2006-04-01,100.292
FR,2006-07-01,97.87
FR,2006-10-01,103.036
FR,2007-01-01,101.233
FR,2007-04-01,101.998
FR,2007-07-01,100.052
FR,2007-10-01,104.878
FR,2008-01-01,102.01
FR,2008-04-01,102.605
FR,2008-07-01,99.839
FR,2008-10-01,103.055
FR,2009-01-01,97.352
FR,2009-04-01,98.193
FR,2009-07-01,96.793
FR,2009-10-01,101.69
FR,2010-01-01,98.263
FR,2010-04-01,99.897
FR,2010-07-01,98.561
FR,2010-10-01,103.278
FR,2011-01-01,101.165
FR,2011-04-01,102.059
FR,2011-07-01,100.124
FR,2011-10-01,104.476
FR,2012-01-01,101.745
FR,2012-04-01,101.225
FR,2012-07-01,99.668
FR,2012-10-01,104.02
FR,2013-01-01,99.869
FR,2013-04-01,101.97
FR,2013-07-01,100.62
FR,2013-10-01,105.357
FR,2014-01-01,100.973
FR,2014-04-01,102.168
FR,2014-07-01,101.051
FR,2014-10-01,105.598
FR,2015-01-01,101.777
FR,2015-04-01,102.818
FR,2015-07-01,101.321
FR,2015-10-01,106.414
FR,2016-01-01,102.463
FR,2016-04-01,104.103
FR,2016-07-01,101.114
FR,2016-10-01,106.64
FR,2017-01-01,103.87
FR,2017-04-01,104.895
FR,2017-07-01,103.23
FR,2017-10-01,109.264
FR,2018-01-01,105.359
FR,2018-04-01,105.805
FR,2018-07-01,104.283
FR,2018-10-01,110.806
FR,2019-01-01,106.99
FR,2019-04-01,108.201
FR,2019-07-01,106.789
FR,2019-10-01,111.229
FR,2020-01-01,101.27
FR,2020-04-01,89.234
FR,2020-07-01,101.796
FR,2020-10-01,107.296
FR,2021-01-01,102.596
FR,2021-04-01,104.954
FR,2021-07-01,106.027
FR,2021-10-01,111.988
FR,2022-01-01,107.091
FR,2022-04-01,108.824
FR,2022-07-01,107.151
FR,2022-10-01,112.124
FR,2023-01-01,108.184
FR,2023-04-01,109.408
FR,2023-07-01,107.373
FR,2023-10-01,112.951
FR,2024-01-01,109.25
FR,2024-04-01,109.824
FR,2024-07-01,108.833
FR,2024-10-01,113.569
GR,2000-01-01,78.39
GR,2000-04-01,80.179
GR,2000-07-01,86.914
GR,2000-10-01,88.688
GR,2001-01-01,83.005
GR,2001-04-01,83.6
GR,2001-07-01,90.263
GR,2001-10-01,91.039
GR,2002-01-01,85.145
GR,2002-04-01,88.918
GR,2002-07-01,94.187
GR,2002-10-01,94.626
GR,2003-01-01,90.086
GR,2003-04-01,93.864
GR,2003-07-01,98.751
GR,2003-10-01,100.295
GR,2004-01-01,96.027
GR,2004-04-01,98.462
GR,2004-07-01,104.107
GR,2004-10-01,104.001
GR,2005-01-01,96.574
GR,2005-04-01,99.702
GR,2005-07-01,104.702
GR,2005-10-01,105.188
GR,2006-01-01,102.508
GR,2006-04-01,106.322
GR,2006-07-01,109.536
GR,2006-10-01,112.675
GR,2007-01-01,105.464
GR,2007-04-01,112.426
GR,2007-07-01,114.106
GR,2007-10-01,113.032
GR,2008-01-01,107.164
GR,2008-04-01,110.7
GR,2008-07-01,113.352
GR,2008-10-01,112.887
GR,2009-01-01,99.482
GR,2009-04-01,106.572
GR,2009-07-01,108.942
GR,2009-10-01,109.693
GR,2010-01-01,99.888
GR,2010-04-01,100.599
GR,2010-07-01,99.733
GR,2010-10-01,99.779
GR,2011-01-01,88.502
GR,2011-04-01,91.957
GR,2011-07-01,92.677
GR,2011-10-01,87.889
GR,2012-01-01,80.582
GR,2012-04-01,83.23
GR,2012-07-01,85.237
GR,2012-10-01,83.706
GR,2013-01-01,76.327
GR,2013-04-01,81.054
GR,2013-07-01,85.274
GR,2013-10-01,84.921
GR,2014-01-01,77.399
GR,2014-04-01,82.369
GR,2014-07-01,86.892
GR,2014-10-01,85.716
GR,2015-01-01,78.458
GR,2015-04-01,83.345
GR,2015-07-01,85.254
GR,2015-10-01,86.75
GR,2016-01-01,78.122
GR,2016-04-01,83.331
GR,2016-07-01,87.523
GR,2016-10-01,86.099
GR,2017-01-01,78.957
GR,2017-04-01,84.793
GR,2017-07-01,90.602
GR,2017-10-01,86.336
GR,2018-01-01,80.536
GR,2018-04-01,86.611
GR,2018-07-01,92.764
GR,2018-10-01,88.513
GR,2019-01-01,81.68
GR,2019-04-01,89.193
GR,2019-07-01,96.072
GR,2019-10-01,89.786
GR,2020-01-01,79.904
GR,2020-04-01,74.629
GR,2020-07-01,87.021
GR,2020-10-01,83.074
GR,2021-01-01,78.486
GR,2021-04-01,86.152
GR,2021-07-01,97.656
GR,2021-10-01,92.395
GR,2022-01-01,85.309
GR,2022-04-01,92.705
GR,2022-07-01,102.489
GR,2022-10-01,96.7
GR,2023-01-01,87.071
GR,2023-04-01,96.201
GR,2023-07-01,104.827
GR,2023-10-01,99.024
GR,2024-01-01,88.505
GR,2024-04-01,98.691
GR,2024-07-01,107.461
GR,2024-10-01,101.893
HR,2000-01-01,67.145
HR,2000-04-01,73.711
HR,2000-07-01,82.991
HR,2000-10-01,73.06
HR,2001-01-01,71.939
HR,2001-04-01,79.965
HR,2001-07-01,89.364
HR,2001-10-01,76.781
HR,2002-01-01,75.238
HR,2002-04-01,83.795
HR,2002-07-01,94.918
HR,2002-10-01,82.184
HR,2003-01-01,79.977
HR,2003-04-01,89.261
HR,2003-07-01,99.442
HR,2003-10-01,86.162
HR,2004-01-01,83.785
HR,2004-04-01,92.411
HR,2004-07-01,102.848
HR,2004-10-01,90.359
HR,2005-01-01,84.833
HR,2005-04-01,97.216
HR,2005-07-01,108.179
HR,2005-10-01,94.859
HR,2006-01-01,90.319
HR,2006-04-01,101.201
HR,2006-07-01,113.084
HR,2006-10-01,99.927
HR,2007-01-01,96.017
HR,2007-04-01,106.984
HR,2007-07-01,118.109
HR,2007-10-01,103.877
HR,2008-01-01,99.157
HR,2008-04-01,109.985
HR,2008-07-01,120.028
HR,2008-10-01,104.364
HR,2009-01-01,90.737
HR,2009-04-01,101.354
HR,2009-07-01,111.802
HR,2009-10-01,100.535
HR,2010-01-01,89.116
HR,2010-04-01,98.837
HR,2010-07-01,113.191
HR,2010-10-01,98.856
HR,2011-01-01,87.301
HR,2011-04-01,100.605
HR,2011-07-01,114.009
HR,2011-10-01,98.91
HR,2012-01-01,86.348
HR,2012-04-01,97.826
HR,2012-07-01,112.316
HR,2012-10-01,96.585
HR,2013-01-01,85.547
HR,2013-04-01,98.817
HR,2013-07-01,112.697
HR,2013-10-01,96.895
HR,2014-01-01,85.055
HR,2014-04-01,98.53
HR,2014-07-01,112.513
HR,2014-10-01,97.35
HR,2015-01-01,87.002
HR,2015-04-01,100.742
HR,2015-07-01,117.951
HR,2015-10-01,99.601
HR,2016-01-01,91.704
HR,2016-04-01,104.591
HR,2016-07-01,121.567
HR,2016-10-01,105.074
HR,2017-01-01,94.814
HR,2017-04-01,109.097
HR,2017-07-01,128.161
HR,2017-10-01,109.193
HR,2018-01-01,97.58
HR,2018-04-01,114.279
HR,2018-07-01,133.305
HR,2018-10-01,113.239
HR,2019-01-01,104.755
HR,2019-04-01,120.887
HR,2019-07-01,140.773
HR,2019-10-01,118.526
HR,2020-01-01,104.301
HR,2020-04-01,102.821
HR,2020-07-01,126.413
HR,2020-10-01,115.229
HR,2021-01-01,109.14
HR,2021-04-01,123.9
HR,2021-07-01,147.493
HR,2021-10-01,128.44
HR,2022-01-01,118.34
HR,2022-04-01,136.362
HR,2022-07-01,159.032
HR,2022-10-01,132.921
HR,2023-01-01,120.452
HR,2023-04-01,140.849
HR,2023-07-01,160.996
HR,2023-10-01,138.85
HR,2024-01-01,125.056
HR,2024-04-01,146.144
HR,2024-07-01,167.799
HR,2024-10-01,144.247
HU,2000-01-01,72.136
HU,2000-04-01,78.735
HU,2000-07-01,81.617
HU,2000-10-01,85.824
HU,2001-01-01,75.508
HU,2001-04-01,82.419
HU,2001-07-01,85.15
HU,2001-10-01,88.836
HU,2002-01-01,79.102
HU,2002-04-01,86.491
HU,2002-07-01,89.525
HU,2002-10-01,93.544
HU,2003-01-01,81.959
HU,2003-04-01,90.214
HU,2003-07-01,93.619
HU,2003-10-01,97.705
HU,2004-01-01,85.893
HU,2004-04-01,95.226
HU,2004-07-01,98.596
HU,2004-10-01,102.615
HU,2005-01-01,88.868
HU,2005-04-01,100.012
HU,2005-07-01,103.078
HU,2005-10-01,107.602
HU,2006-01-01,93.419
HU,2006-04-01,103.819
HU,2006-07-01,107.108
HU,2006-10-01,111.6
HU,2007-01-01,95.033
HU,2007-04-01,104.121
HU,2007-07-01,107.257
HU,2007-10-01,111.545
HU,2008-01-01,96.976
HU,2008-04-01,107.046
HU,2008-07-01,109.463
HU,2008-10-01,109.346
HU,2009-01-01,90.106
HU,2009-04-01,98.541
HU,2009-07-01,101.324
HU,2009-10-01,104.969
HU,2010-01-01,90.077
HU,2010-04-01,99.472
HU,2010-07-01,103.22
HU,2010-10-01,107.231
HU,2011-01-01,92.966
HU,2011-04-01,101.312
HU,2011-07-01,104.89
HU,2011-10-01,109.749
HU,2012-01-01,93.321
HU,2012-04-01,100.641
HU,2012-07-01,104.25
HU,2012-10-01,107.663
HU,2013-01-01,93.074
HU,2013-04-01,102.597
HU,2013-07-01,107.887
HU,2013-10-01,112.272
HU,2014-01-01,97.705
HU,2014-04-01,107.971
HU,2014-07-01,112.692
HU,2014-10-01,117.193
HU,2015-01-01,102.519
HU,2015-04-01,112.083
HU,2015-07-01,116.546
HU,2015-10-01,122.115
HU,2016-01-01,104.294
HU,2016-04-01,116.235
HU,2016-07-01,120.158
HU,2016-10-01,125.27
HU,2017-01-01,109.474
HU,2017-04-01,120.802
HU,2017-07-01,125.487
HU,2017-10-01,131.201
HU,2018-01-01,115.534
HU,2018-04-01,127.893
HU,2018-07-01,132.97
HU,2018-10-01,138.923
HU,2019-01-01,122.149
HU,2019-04-01,134.576
HU,2019-07-01,140.247
HU,2019-10-01,145.587
HU,2020-01-01,124.998
HU,2020-04-01,117.509
HU,2020-07-01,134.805
HU,2020-10-01,142.207
HU,2021-01-01,123.023
HU,2021-04-01,139.267
HU,2021-07-01,144.009
HU,2021-10-01,153.348
HU,2022-01-01,132.902
HU,2022-04-01,148.646
HU,2022-07-01,150.234
HU,2022-10-01,153.346
HU,2023-01-01,131.267
HU,2023-04-01,145.043
HU,2023-07-01,150.348
HU,2023-10-01,154.199
HU,2024-01-01,133.007
HU,2024-04-01,147.53
HU,2024-07-01,149.605
HU,2024-10-01,155.524
IE,2000-01-01,87.073
IE,2000-04-01,89.736
IE,2000-07-01,92.509
IE,2000-10-01,93.308
IE,2001-01-01,92.334
IE,2001-04-01,93.988
IE,2001-07-01,93.677
IE,2001-10-01,96.005
IE,2002-01-01,95.653
IE,2002-04-01,97.086
IE,2002-07-01,97.872
IE,2002-10-01,100.672
IE,2003-01-01,96.046
IE,2003-04-01,98.188
IE,2003-07-01,97.18
IE,2003-10-01,105.07
IE,2004-01-01,101.783
IE,2004-04-01,104.955
IE,2004-07-01,102.182
IE,2004-10-01,107.18
IE,2005-01-01,105.574
IE,2005-04-01,108.645
IE,2005-07-01,105.492
IE,2005-10-01,110.471
IE,2006-01-01,109.582
IE,2006-04-01,109.915
IE,2006-07-01,109.824
IE,2006-10-01,110.729
IE,2007-01-01,114.888
IE,2007-04-01,112.658
IE,2007-07-01,109.107
IE,2007-10-01,113.079
IE,2008-01-01,108.798
IE,2008-04-01,106.065
IE,2008-07-01,105.697
IE,2008-10-01,99.863
IE,2009-01-01,99.822
IE,2009-04-01,99.883
IE,2009-07-01,99.155
IE,2009-10-01,96.315
IE,2010-01-01,98.976
IE,2010-04-01,100.333
IE,2010-07-01,101.333
IE,2010-10-01,99.359
IE,2011-01-01,100.692
IE,2011-04-01,102.566
IE,2011-07-01,101.858
IE,2011-10-01,99.815
IE,2012-01-01,98.277
IE,2012-04-01,102.379
IE,2012-07-01,100.839
IE,2012-10-01,100.158
IE,2013-01-01,97.233
IE,2013-04-01,101.173
IE,2013-07-01,106.147
IE,2013-10-01,103.879
IE,2014-01-01,106.462
IE,2014-04-01,109.646
IE,2014-07-01,113.803
IE,2014-10-01,113.535
IE,2015-01-01,135.577
IE,2015-04-01,131.753
IE,2015-07-01,139.611
IE,2015-10-01,140.567
IE,2016-01-01,131.281
IE,2016-04-01,130.956
IE,2016-07-01,135.253
IE,2016-10-01,150.009
IE,2017-01-01,139.74
IE,2017-04-01,140.298
IE,2017-07-01,153.988
IE,2017-10-01,159.927
IE,2018-01-01,152.703
IE,2018-04-01,154.014
IE,2018-07-01,161.065
IE,2018-10-01,161.988
IE,2019-01-01,155.891
IE,2019-04-01,158.074
IE,2019-07-01,168.259
IE,2019-10-01,169.014
IE,2020-01-01,167.227
IE,2020-04-01,159.526
IE,2020-07-01,185.454
IE,2020-10-01,176.389
IE,2021-01-01,187.885
IE,2021-04-01,194.558
IE,2021-07-01,208.413
IE,2021-10-01,200.627
IE,2022-01-01,199.96
IE,2022-04-01,205.988
IE,2022-07-01,222.57
IE,2022-10-01,213.28
IE,2023-01-01,195.206
IE,2023-04-01,194.281
IE,2023-07-01,200.798
IE,2023-10-01,190.711
IE,2024-01-01,183.945
IE,2024-04-01,184.926
IE,2024-07-01,203.663
IE,2024-10-01,204.721
IT,2000-01-01,97.946
IT,2000-04-01,102.686
IT,2000-07-01,101.003
IT,2000-10-01,106.908
IT,2001-01-01,101.274
IT,2001-04-01,105.435
IT,2001-07-01,102.329
IT,2001-10-01,107.426
IT,2002-01-01,100.387
IT,2002-04-01,105.036
IT,2002-07-01,103.026
IT,2002-10-01,108.326
IT,2003-01-01,100.397
IT,2003-04-01,104.487
IT,2003-07-01,102.397
IT,2003-10-01,107.516
IT,2004-01-01,100.739
IT,2004-04-01,105.645
IT,2004-07-01,103.562
IT,2004-10-01,107.843
IT,2005-01-01,100.053
IT,2005-04-01,105.902
IT,2005-07-01,104.357
IT,2005-10-01,108.217
IT,2006-01-01,102.51
IT,2006-04-01,106.991
IT,2006-07-01,105.154
IT,2006-10-01,109.708
IT,2007-01-01,104.053
IT,2007-04-01,108.536
IT,2007-07-01,106.225
IT,2007-10-01,109.139
IT,2008-01-01,104.127
IT,2008-04-01,107.318
IT,2008-07-01,104.595
IT,2008-10-01,104.295
IT,2009-01-01,95.934
IT,2009-04-01,99.24
IT,2009-07-01,99.249
IT,2009-10-01,101.301
IT,2010-01-01,95.995
IT,2010-04-01,100.682
IT,2010-07-01,100.254
IT,2010-10-01,103.069
IT,2011-01-01,97.835
IT,2011-04-01,101.798
IT,2011-07-01,100.612
IT,2011-10-01,101.154
IT,2012-01-01,95.208
IT,2012-04-01,97.932
IT,2012-07-01,96.828
IT,2012-10-01,97.824
IT,2013-01-01,91.736
IT,2013-04-01,95.421
IT,2013-07-01,95.755
IT,2013-10-01,97.071
IT,2014-01-01,91.809
IT,2014-04-01,95.377
IT,2014-07-01,95.803
IT,2014-10-01,96.934
IT,2015-01-01,92.275
IT,2015-04-01,96.234
IT,2015-07-01,96.689
IT,2015-10-01,98.674
IT,2016-01-01,93.603
IT,2016-04-01,97.625
IT,2016-07-01,98.088
IT,2016-10-01,100.04
IT,2017-01-01,95.944
IT,2017-04-01,99.353
IT,2017-07-01,99.296
IT,2017-10-01,101.752
IT,2018-01-01,96.821
IT,2018-04-01,100.571
IT,2018-07-01,100.232
IT,2018-10-01,102.831
IT,2019-01-01,97.507
IT,2019-04-01,101.45
IT,2019-07-01,101.305
IT,2019-10-01,102.91
IT,2020-01-01,91.753
IT,2020-04-01,83.564
IT,2020-07-01,95.857
IT,2020-10-01,98.048
IT,2021-01-01,94.604
IT,2021-04-01,100.189
IT,2021-07-01,103.209
IT,2021-10-01,106.273
IT,2022-01-01,101.936
IT,2022-04-01,106.819
IT,2022-07-01,107.171
IT,2022-10-01,108.686
IT,2023-01-01,104.536
IT,2023-04-01,107.011
IT,2023-07-01,107.23
IT,2023-10-01,109.082
IT,2024-01-01,104.878
IT,2024-04-01,107.84
IT,2024-07-01,108.165
IT,2024-10-01,110.206
LT,2000-01-01,53.677
LT,2000-04-01,57.705
LT,2000-07-01,62.853
LT,2000-10-01,60.394
LT,2001-01-01,57.768
LT,2001-04-01,61.212
LT,2001-07-01,67.238
LT,2001-10-01,65.691
LT,2002-01-01,60.943
LT,2002-04-01,66.599
LT,2002-07-01,73.161
LT,2002-10-01,70.301
LT,2003-01-01,68.11
LT,2003-04-01,73.416
LT,2003-07-01,81.194
LT,2003-10-01,79.323
LT,2004-01-01,73.736
LT,2004-04-01,79.727
LT,2004-07-01,86.106
LT,2004-10-01,85.746
LT,2005-01-01,79.074
LT,2005-04-01,86.782
LT,2005-07-01,95.436
LT,2005-10-01,94.93
LT,2006-01-01,86.423
LT,2006-04-01,95.492
LT,2006-07-01,103.606
LT,2006-10-01,103.201
LT,2007-01-01,96.017
LT,2007-04-01,107.815
LT,2007-07-01,117.754
LT,2007-10-01,115.357
LT,2008-01-01,103.873
LT,2008-04-01,114.776
LT,2008-07-01,120.879
LT,2008-10-01,113.407
LT,2009-01-01,90.371
LT,2009-04-01,97.815
LT,2009-07-01,104.691
LT,2009-10-01,97.157
LT,2010-01-01,90.276
LT,2010-04-01,99.949
LT,2010-07-01,106.669
LT,2010-10-01,103.106
LT,2011-01-01,98.2
LT,2011-04-01,107.92
LT,2011-07-01,117.175
LT,2011-10-01,111.715
LT,2012-01-01,103.703
LT,2012-04-01,112.188
LT,2012-07-01,125.45
LT,2012-10-01,118.654
LT,2013-01-01,108.796
LT,2013-04-01,118.364
LT,2013-07-01,131.188
LT,2013-10-01,124.771
LT,2014-01-01,115.063
LT,2014-04-01,124.6
LT,2014-07-01,136.618
LT,2014-10-01,129.16
LT,2015-01-01,118.704
LT,2015-04-01,128.917
LT,2015-07-01,142.05
LT,2015-10-01,134.756
LT,2016-01-01,123.002
LT,2016-04-01,132.916
LT,2016-07-01,146.948
LT,2016-10-01,141.895
LT,2017-01-01,130.814
LT,2017-04-01,141.078
LT,2017-07-01,154.971
LT,2017-10-01,149.977
LT,2018-01-01,138.311
LT,2018-04-01,149.946
LT,2018-07-01,163.152
LT,2018-10-01,158.834
LT,2019-01-01,145.686
LT,2019-04-01,157.348
LT,2019-07-01,171.135
LT,2019-10-01,166.461
LT,2020-01-01,150.144
LT,2020-04-01,150.532
LT,2020-07-01,173.733
LT,2020-10-01,166.659
LT,2021-01-01,154.874
LT,2021-04-01,164.845
LT,2021-07-01,184.652
LT,2021-10-01,178.081
LT,2022-01-01,162.357
LT,2022-04-01,167.808
LT,2022-07-01,186.672
LT,2022-10-01,177.184
LT,2023-01-01,157.114
LT,2023-04-01,167.928
LT,2023-07-01,186.219
LT,2023-10-01,175.448
LT,2024-01-01,160.791
LT,2024-04-01,169.746
LT,2024-07-01,189.706
LT,2024-10-01,181.481
LU,2000-01-01,85.96
LU,2000-04-01,86.99
LU,2000-07-01,85.346
LU,2000-10-01,88.941
LU,2001-01-01,87.723
LU,2001-04-01,88.312
LU,2001-07-01,86.251
LU,2001-10-01,91.663
LU,2002-01-01,88.483
LU,2002-04-01,92.829
LU,2002-07-01,88.576
LU,2002-10-01,91.571
LU,2003-01-01,88.748
LU,2003-04-01,92.838
LU,2003-07-01,89.848
LU,2003-10-01,94.865
LU,2004-01-01,93.002
LU,2004-04-01,95.733
LU,2004-07-01,92.683
LU,2004-10-01,95.197
LU,2005-01-01,91.536
LU,2005-04-01,94.709
LU,2005-07-01,92.784
LU,2005-10-01,100.924
LU,2006-01-01,98.107
LU,2006-04-01,100.979
LU,2006-07-01,97.066
LU,2006-10-01,100.566
LU,2007-01-01,104.007
LU,2007-04-01,108.04
LU,2007-07-01,103.086
LU,2007-10-01,106.776
LU,2008-01-01,105.011
LU,2008-04-01,107.178
LU,2008-07-01,101.25
LU,2008-10-01,99.93
LU,2009-01-01,95.59
LU,2009-04-01,98.983
LU,2009-07-01,97.262
LU,2009-10-01,100.837
LU,2010-01-01,99.975
LU,2010-04-01,102.099
LU,2010-07-01,96.99
LU,2010-10-01,100.936
LU,2011-01-01,99.289
LU,2011-04-01,99.546
LU,2011-07-01,97.145
LU,2011-10-01,98.951
LU,2012-01-01,97.674
LU,2012-04-01,98.482
LU,2012-07-01,95.767
LU,2012-10-01,100.373
LU,2013-01-01,96.752
LU,2013-04-01,99.797
LU,2013-07-01,97.386
LU,2013-10-01,100.535
LU,2014-01-01,97.449
LU,2014-04-01,97.334
LU,2014-07-01,96.958
LU,2014-10-01,103.625
LU,2015-01-01,97.883
LU,2015-04-01,100.24
LU,2015-07-01,97.433
LU,2015-10-01,100.945
LU,2016-01-01,99.222
LU,2016-04-01,101.82
LU,2016-07-01,100.211
LU,2016-10-01,104.458
LU,2017-01-01,97.756
LU,2017-04-01,100.64
LU,2017-07-01,99.562
LU,2017-10-01,104.253
LU,2018-01-01,98.436
LU,2018-04-01,100.307
LU,2018-07-01,98.845
LU,2018-10-01,103.181
LU,2019-01-01,97.671
LU,2019-04-01,101.472
LU,2019-07-01,99.968
LU,2019-10-01,104.236
LU,2020-01-01,97.989
LU,2020-04-01,93.768
LU,2020-07-01,99.73
LU,2020-10-01,103.68
LU,2021-01-01,101.877
LU,2021-04-01,103.779
LU,2021-07-01,102.575
LU,2021-10-01,107.752
LU,2022-01-01,100.532
LU,2022-04-01,101.38
LU,2022-07-01,99.735
LU,2022-10-01,100.939
LU,2023-01-01,96.987
LU,2023-04-01,98.39
LU,2023-07-01,97.442
LU,2023-10-01,99.489
LU,2024-01-01,95.952
LU,2024-04-01,98.436
LU,2024-07-01,95.913
LU,2024-10-01,99.811
LV,2000-01-01,54.049
LV,2000-04-01,59.857
LV,2000-07-01,61.312
LV,2000-10-01,66.057
LV,2001-01-01,56.54
LV,2001-04-01,66.715
LV,2001-07-01,64.303
LV,2001-10-01,72.613
LV,2002-01-01,60.122
LV,2002-04-01,71.409
LV,2002-07-01,71.2
LV,2002-10-01,80.68
LV,2003-01-01,66.427
LV,2003-04-01,77.384
LV,2003-07-01,79.048
LV,2003-10-01,87.434
LV,2004-01-01,73.582
LV,2004-04-01,84.937
LV,2004-07-01,86.052
LV,2004-10-01,96.55
LV,2005-01-01,79.964
LV,2005-04-01,94.481
LV,2005-07-01,98.95
LV,2005-10-01,111.476
LV,2006-01-01,90.662
LV,2006-04-01,107.746
LV,2006-07-01,112.307
LV,2006-10-01,127.437
LV,2007-01-01,105.158
LV,2007-04-01,122.667
LV,2007-07-01,125.978
LV,2007-10-01,133.804
LV,2008-01-01,109.773
LV,2008-04-01,122.424
LV,2008-07-01,119.509
LV,2008-10-01,124.406
LV,2009-01-01,96.102
LV,2009-04-01,102.723
LV,2009-07-01,99.988
LV,2009-10-01,107.621
LV,2010-01-01,88.49
LV,2010-04-01,99.884
LV,2010-07-01,102.16
LV,2010-10-01,109.465
LV,2011-01-01,89.986
LV,2011-04-01,104.879
LV,2011-07-01,109.59
LV,2011-10-01,115.361
LV,2012-01-01,101.213
LV,2012-04-01,113.693
LV,2012-07-01,117.828
LV,2012-10-01,123.25
LV,2013-01-01,102.958
LV,2013-04-01,117.207
LV,2013-07-01,122.59
LV,2013-10-01,127.614
LV,2014-01-01,106.852
LV,2014-04-01,120.977
LV,2014-07-01,126.311
LV,2014-10-01,130.52
LV,2015-01-01,110.61
LV,2015-04-01,126.92
LV,2015-07-01,133.179
LV,2015-10-01,136.602
LV,2016-01-01,115.778
LV,2016-04-01,131.856
LV,2016-07-01,135.94
LV,2016-10-01,141.467
LV,2017-01-01,120.587
LV,2017-04-01,137.222
LV,2017-07-01,142.593
LV,2017-10-01,147.552
LV,2018-01-01,123.929
LV,2018-04-01,145.219
LV,2018-07-01,150.317
LV,2018-10-01,156.534
LV,2019-01-01,127.204
LV,2019-04-01,147.079
LV,2019-07-01,153.62
LV,2019-10-01,155.926
LV,2020-01-01,126.658
LV,2020-04-01,134.457
LV,2020-07-01,150.362
LV,2020-10-01,155.768
LV,2021-01-01,129.507
LV,2021-04-01,152.692
LV,2021-07-01,162.712
LV,2021-10-01,166.929
LV,2022-01-01,142.782
LV,2022-04-01,156.812
LV,2022-07-01,159.806
LV,2022-10-01,162.744
LV,2023-01-01,151.159
LV,2023-04-01,157.452
LV,2023-07-01,168.161
LV,2023-10-01,164.925
LV,2024-01-01,152.208
LV,2024-04-01,159.394
LV,2024-07-01,168.255
LV,2024-10-01,166.048
MT,2000-01-01,76.856
MT,2000-04-01,85.329
MT,2000-07-01,87.772
MT,2000-10-01,84.474
MT,2001-01-01,76.743
MT,2001-04-01,80.943
MT,2001-07-01,87.437
MT,2001-10-01,80.97
MT,2002-01-01,78.236
MT,2002-04-01,83.3
MT,2002-07-01,88.829
MT,2002-10-01,82.201
MT,2003-01-01,79.537
MT,2003-04-01,85.488
MT,2003-07-01,91.773
MT,2003-10-01,85.788
MT,2004-01-01,81.158
MT,2004-04-01,82.765
MT,2004-07-01,90.982
MT,2004-10-01,86.767
MT,2005-01-01,80.046
MT,2005-04-01,87.409
MT,2005-07-01,94.127
MT,2005-10-01,87.717
MT,2006-01-01,82.552
MT,2006-04-01,89.103
MT,2006-07-01,95.736
MT,2006-10-01,88.837
MT,2007-01-01,88.531
MT,2007-04-01,92.929
MT,2007-07-01,100.017
MT,2007-10-01,91.33
MT,2008-01-01,91.959
MT,2008-04-01,95.795
MT,2008-07-01,102.533
MT,2008-10-01,96.404
MT,2009-01-01,89.484
MT,2009-04-01,93.111
MT,2009-07-01,100.035
MT,2009-10-01,95.795
MT,2010-01-01,95.758
MT,2010-04-01,97.369
MT,2010-07-01,106.236
MT,2010-10-01,100.637
MT,2011-01-01,96.954
MT,2011-04-01,98.518
MT,2011-07-01,106.102
MT,2011-10-01,100.628
MT,2012-01-01,98.98
MT,2012-04-01,102.488
MT,2012-07-01,110.239
MT,2012-10-01,103.613
MT,2013-01-01,102.951
MT,2013-04-01,108.342
MT,2013-07-01,115.91
MT,2013-10-01,108.54
MT,2014-01-01,109.403
MT,2014-04-01,113.292
MT,2014-07-01,120.51
MT,2014-10-01,116.39
MT,2015-01-01,117.443
MT,2015-04-01,122.043
MT,2015-07-01,128.95
MT,2015-10-01,123.49
MT,2016-01-01,120.612
MT,2016-04-01,123.458
MT,2016-07-01,131.143
MT,2016-10-01,125.325
MT,2017-01-01,133.335
MT,2017-04-01,135.942
MT,2017-07-01,143.608
MT,2017-10-01,137.074
MT,2018-01-01,135.405
MT,2018-04-01,141.12
MT,2018-07-01,150.15
MT,2018-10-01,142.09
MT,2019-01-01,138.163
MT,2019-04-01,142.047
MT,2019-07-01,147.567
MT,2019-10-01,140.606
MT,2020-01-01,141.704
MT,2020-04-01,125.777
MT,2020-07-01,135.557
MT,2020-10-01,134.823
MT,2021-01-01,143.379
MT,2021-04-01,147.187
MT,2021-07-01,160.156
MT,2021-10-01,155.304
MT,2022-01-01,145.708
MT,2022-04-01,153.175
MT,2022-07-01,160.041
MT,2022-10-01,156.396
MT,2023-01-01,150.183
MT,2023-04-01,156.049
MT,2023-07-01,165.417
MT,2023-10-01,159.902
MT,2024-01-01,156.477
MT,2024-04-01,163.115
MT,2024-07-01,168.636
MT,2024-10-01,160.664
NL,2000-01-01,90.839
NL,2000-04-01,91.788
NL,2000-07-01,88
NL,2000-10-01,93.611
NL,2001-01-01,92.644
NL,2001-04-01,93.765
NL,2001-07-01,89.286
NL,2001-10-01,94.221
NL,2002-01-01,92.092
NL,2002-04-01,93.47
NL,2002-07-01,89.312
NL,2002-10-01,93.6
NL,2003-01-01,92.146
NL,2003-04-01,92.666
NL,2003-07-01,88.66
NL,2003-10-01,93.624
NL,2004-01-01,93.031
NL,2004-04-01,94.225
NL,2004-07-01,90.409
NL,2004-10-01,95.515
NL,2005-01-01,93.591
NL,2005-04-01,96.093
NL,2005-07-01,92.555
NL,2005-10-01,97.632
NL,2006-01-01,96.958
NL,2006-04-01,99.471
NL,2006-07-01,95.504
NL,2006-10-01,100.75
NL,2007-01-01,100.191
NL,2007-04-01,102.592
NL,2007-07-01,99.402
NL,2007-10-01,104.85
NL,2008-01-01,103.278
NL,2008-04-01,105.577
NL,2008-07-01,101.302
NL,2008-10-01,103.93
NL,2009-01-01,98.871
NL,2009-04-01,100.17
NL,2009-07-01,96.912
NL,2009-10-01,100.888
NL,2010-01-01,98.208
NL,2010-04-01,101.558
NL,2010-07-01,98.026
NL,2010-10-01,102.208
NL,2011-01-01,100.648
NL,2011-04-01,103.421
NL,2011-07-01,99.132
NL,2011-10-01,102.017
NL,2012-01-01,99.137
NL,2012-04-01,102.513
NL,2012-07-01,97.661
NL,2012-10-01,100.467
NL,2013-01-01,97.226
NL,2013-04-01,101.759
NL,2013-07-01,97.782
NL,2013-10-01,101.702
NL,2014-01-01,98.328
NL,2014-04-01,103.055
NL,2014-07-01,98.73
NL,2014-10-01,103.325
NL,2015-01-01,99.963
NL,2015-04-01,104.846
NL,2015-07-01,100.889
NL,2015-10-01,104.48
NL,2016-01-01,101.819
NL,2016-04-01,107.049
NL,2016-07-01,102.708
NL,2016-10-01,106.314
NL,2017-01-01,104.347
NL,2017-04-01,109.536
NL,2017-07-01,104.856
NL,2017-10-01,108.245
NL,2018-01-01,106.321
NL,2018-04-01,111.747
NL,2018-07-01,106.434
NL,2018-10-01,109.601
NL,2019-01-01,107.971
NL,2019-04-01,113.576
NL,2019-07-01,108.255
NL,2019-10-01,111.378
NL,2020-01-01,106.99
NL,2020-04-01,102.94
NL,2020-07-01,104.155
NL,2020-10-01,107.645
NL,2021-01-01,105.322
NL,2021-04-01,114.598
NL,2021-07-01,110.815
NL,2021-10-01,115.108
NL,2022-01-01,111.845
NL,2022-04-01,120.028
NL,2022-07-01,113.697
NL,2022-10-01,118.163
NL,2023-01-01,112.55
NL,2023-04-01,118.382
NL,2023-07-01,111.927
NL,2023-10-01,116.657
NL,2024-01-01,111.193
NL,2024-04-01,118.513
NL,2024-07-01,113.097
NL,2024-10-01,118.184
PT,2000-01-01,94.213
PT,2000-04-01,94.991
PT,2000-07-01,95.865
PT,2000-10-01,97.121
PT,2001-01-01,94.853
PT,2001-04-01,96.949
PT,2001-07-01,96.621
PT,2001-10-01,98.459
PT,2002-01-01,96.48
PT,2002-04-01,97.75
PT,2002-07-01,96.971
PT,2002-10-01,96.543
PT,2003-01-01,94.223
PT,2003-04-01,94.604
PT,2003-07-01,96.368
PT,2003-10-01,97.497
PT,2004-01-01,95.929
PT,2004-04-01,97.252
PT,2004-07-01,97.85
PT,2004-10-01,97.581
PT,2005-01-01,96.68
PT,2005-04-01,98.201
PT,2005-07-01,97.751
PT,2005-10-01,98.292
PT,2006-01-01,97.184
PT,2006-04-01,99.829
PT,2006-07-01,98.828
PT,2006-10-01,100.718
PT,2007-01-01,99.282
PT,2007-04-01,101.339
PT,2007-07-01,101.909
PT,2007-10-01,103.17
PT,2008-01-01,100.87
PT,2008-04-01,102.113
PT,2008-07-01,102.418
PT,2008-10-01,101.012
PT,2009-01-01,96.379
PT,2009-04-01,98.103
PT,2009-07-01,99.537
PT,2009-10-01,99.328
PT,2010-01-01,97.756
PT,2010-04-01,100.316
PT,2010-07-01,101.438
PT,2010-10-01,100.49
PT,2011-01-01,97.564
PT,2011-04-01,99.111
PT,2011-07-01,99.344
PT,2011-10-01,97.073
PT,2012-01-01,94.463
PT,2012-04-01,95.16
PT,2012-07-01,95.46
PT,2012-10-01,93.629
PT,2013-01-01,91.547
PT,2013-04-01,94.462
PT,2013-07-01,95.482
PT,2013-10-01,95.56
PT,2014-01-01,92.773
PT,2014-04-01,95.823
PT,2014-07-01,96.868
PT,2014-10-01,96.363
PT,2015-01-01,94.542
PT,2015-04-01,97.809
PT,2015-07-01,98.92
PT,2015-10-01,98.035
PT,2016-01-01,96.366
PT,2016-04-01,99.568
PT,2016-07-01,101.154
PT,2016-10-01,100.99
PT,2017-01-01,99.768
PT,2017-04-01,103.161
PT,2017-07-01,104.67
PT,2017-10-01,104.325
PT,2018-01-01,102.575
PT,2018-04-01,106.527
PT,2018-07-01,107.733
PT,2018-10-01,107.45
PT,2019-01-01,105.922
PT,2019-04-01,109.274
PT,2019-07-01,110.282
PT,2019-10-01,109.616
PT,2020-01-01,103.377
PT,2020-04-01,89.716
PT,2020-07-01,102.865
PT,2020-10-01,102.267
PT,2021-01-01,97.396
PT,2021-04-01,103.748
PT,2021-07-01,108.141
PT,2021-10-01,110.143
PT,2022-01-01,107.859
PT,2022-04-01,111.782
PT,2022-07-01,113.425
PT,2022-10-01,113.04
PT,2023-01-01,109.893
PT,2023-04-01,113.52
PT,2023-07-01,114.602
PT,2023-10-01,115.018
PT,2024-01-01,110.316
PT,2024-04-01,114.26
PT,2024-07-01,115.54
PT,2024-10-01,117.136
SI,2000-01-01,75.532
SI,2000-04-01,80.231
SI,2000-07-01,79.124
SI,2000-10-01,80.982
SI,2001-01-01,77.673
SI,2001-04-01,81.999
SI,2001-07-01,81.14
SI,2001-10-01,83.575
SI,2002-01-01,79.632
SI,2002-04-01,83.94
SI,2002-07-01,83.885
SI,2002-10-01,87.063
SI,2003-01-01,81.878
SI,2003-04-01,86.852
SI,2003-07-01,86.952
SI,2003-10-01,89.307
SI,2004-01-01,85.122
SI,2004-04-01,91.315
SI,2004-07-01,91.057
SI,2004-10-01,93.001
SI,2005-01-01,87.343
SI,2005-04-01,95.636
SI,2005-07-01,94.378
SI,2005-10-01,96.36
SI,2006-01-01,92.091
SI,2006-04-01,100.237
SI,2006-07-01,100.011
SI,2006-10-01,102.067
SI,2007-01-01,99.225
SI,2007-04-01,106.905
SI,2007-07-01,107.11
SI,2007-10-01,107.012
SI,2008-01-01,104.696
SI,2008-04-01,113.267
SI,2008-07-01,110.392
SI,2008-10-01,105.428
SI,2009-01-01,96.281
SI,2009-04-01,101.299
SI,2009-07-01,100.1
SI,2009-10-01,99.302
SI,2010-01-01,94.563
SI,2010-04-01,102.437
SI,2010-07-01,101.616
SI,2010-10-01,101.384
SI,2011-01-01,97.51
SI,2011-04-01,102.261
SI,2011-07-01,101.517
SI,2011-10-01,100.547
SI,2012-01-01,96.378
SI,2012-04-01,98.364
SI,2012-07-01,98.504
SI,2012-10-01,96.131
SI,2013-01-01,92.035
SI,2013-04-01,97.526
SI,2013-07-01,97.45
SI,2013-10-01,98.634
SI,2014-01-01,94.145
SI,2014-04-01,100.505
SI,2014-07-01,100.795
SI,2014-10-01,100.422
SI,2015-01-01,96.126
SI,2015-04-01,102.6
SI,2015-07-01,103.145
SI,2015-10-01,103.174
SI,2016-01-01,98.51
SI,2016-04-01,106.137
SI,2016-07-01,105.985
SI,2016-10-01,106.435
SI,2017-01-01,103.608
SI,2017-04-01,110.548
SI,2017-07-01,110.858
SI,2017-10-01,113.382
SI,2018-01-01,107.741
SI,2018-04-01,114.743
SI,2018-07-01,115.991
SI,2018-10-01,117.74
SI,2019-01-01,111.712
SI,2019-04-01,117.424
SI,2019-07-01,118.83
SI,2019-10-01,120.384
SI,2020-01-01,109.788
SI,2020-04-01,103.895
SI,2020-07-01,116.409
SI,2020-10-01,116.165
SI,2021-01-01,111.407
SI,2021-04-01,119.643
SI,2021-07-01,123.135
SI,2021-10-01,128.427
SI,2022-01-01,117.375
SI,2022-04-01,125.207
SI,2022-07-01,124.477
SI,2022-10-01,128.173
SI,2023-01-01,118.695
SI,2023-04-01,127.265
SI,2023-07-01,126.068
SI,2023-10-01,131.005
SI,2024-01-01,121.128
SI,2024-04-01,128.054
SI,2024-07-01,127.849
SI,2024-10-01,132.674
SK,2000-01-01,58.432
SK,2000-04-01,64.164
SK,2000-07-01,63.168
SK,2000-10-01,62.017
SK,2001-01-01,59.302
SK,2001-04-01,65.267
SK,2001-07-01,64.846
SK,2001-10-01,66.619
SK,2002-01-01,61.49
SK,2002-04-01,66.825
SK,2002-07-01,69.905
SK,2002-10-01,69.166
SK,2003-01-01,64.873
SK,2003-04-01,70.497
SK,2003-07-01,72.418
SK,2003-10-01,72.549
SK,2004-01-01,67.944
SK,2004-04-01,72.651
SK,2004-07-01,78
SK,2004-10-01,76.681
SK,2005-01-01,71.056
SK,2005-04-01,78.883
SK,2005-07-01,83.445
SK,2005-10-01,80.764
SK,2006-01-01,76.66
SK,2006-04-01,85.841
SK,2006-07-01,90.461
SK,2006-10-01,88.984
SK,2007-01-01,83.784
SK,2007-04-01,93.428
SK,2007-07-01,100.348
SK,2007-10-01,100.979
SK,2008-01-01,91.201
SK,2008-04-01,99.168
SK,2008-07-01,106.076
SK,2008-10-01,101.711
SK,2009-01-01,85.705
SK,2009-04-01,92.94
SK,2009-07-01,99.511
SK,2009-10-01,97.25
SK,2010-01-01,91.985
SK,2010-04-01,99.195
SK,2010-07-01,105.77
SK,2010-10-01,103.05
SK,2011-01-01,94.813
SK,2011-04-01,102.642
SK,2011-07-01,108.555
SK,2011-10-01,106.66
SK,2012-01-01,96.929
SK,2012-04-01,104.517
SK,2012-07-01,110.251
SK,2012-10-01,106.826
SK,2013-01-01,97.095
SK,2013-04-01,104.876
SK,2013-07-01,110.908
SK,2013-10-01,108.06
SK,2014-01-01,99.522
SK,2014-04-01,107.535
SK,2014-07-01,113.729
SK,2014-10-01,111.108
SK,2015-01-01,103.987
SK,2015-04-01,112.844
SK,2015-07-01,119.537
SK,2015-10-01,117.569
SK,2016-01-01,106.625
SK,2016-04-01,115.472
SK,2016-07-01,120.702
SK,2016-10-01,119.254
SK,2017-01-01,108.508
SK,2017-04-01,118.939
SK,2017-07-01,123.953
SK,2017-10-01,123.271
SK,2018-01-01,112.475
SK,2018-04-01,123.935
SK,2018-07-01,129.499
SK,2018-10-01,127.355
SK,2019-01-01,116.456
SK,2019-04-01,126.582
SK,2019-07-01,131.143
SK,2019-10-01,129.641
SK,2020-01-01,114.697
SK,2020-04-01,115.166
SK,2020-07-01,130.702
SK,2020-10-01,129.576
SK,2021-01-01,117.995
SK,2021-04-01,130.307
SK,2021-07-01,136.478
SK,2021-10-01,135.344
SK,2022-01-01,120.199
SK,2022-04-01,129.896
SK,2022-07-01,136.135
SK,2022-10-01,134.599
SK,2023-01-01,119.788
SK,2023-04-01,132.07
SK,2023-07-01,138.717
SK,2023-10-01,137.443
SK,2024-01-01,123.71
SK,2024-04-01,134.629
SK,2024-07-01,140.382
SK,2024-10-01,139.903
EU,2000-01-01,90.424
EU,2000-04-01,92.593
EU,2000-07-01,92.068
EU,2000-10-01,95.768
EU,2001-01-01,92.958
EU,2001-04-01,94.502
EU,2001-07-01,93.502
EU,2001-10-01,96.85
EU,2002-01-01,92.518
EU,2002-04-01,95.012
EU,2002-07-01,94.428
EU,2002-10-01,97.439
EU,2003-01-01,92.898
EU,2003-04-01,94.723
EU,2003-07-01,94.481
EU,2003-10-01,98.006
EU,2004-01-01,94.48
EU,2004-04-01,96.891
EU,2004-07-01,96.019
EU,2004-10-01,99.46
EU,2005-01-01,94.943
EU,2005-04-01,98.381
EU,2005-07-01,97.405
EU,2005-10-01,100.836
EU,2006-01-01,98.102
EU,2006-04-01,100.704
EU,2006-07-01,99.908
EU,2006-10-01,104.033
EU,2007-01-01,100.956
EU,2007-04-01,103.339
EU,2007-07-01,102.419
EU,2007-10-01,105.936
EU,2008-01-01,102.156
EU,2008-04-01,104.418
EU,2008-07-01,102.489
EU,2008-10-01,103.296
EU,2009-01-01,95.883
EU,2009-04-01,97.995
EU,2009-07-01,97.835
EU,2009-10-01,101.036
EU,2010-01-01,96.871
EU,2010-04-01,100.116
EU,2010-07-01,99.834
EU,2010-10-01,103.179
EU,2011-01-01,99.701
EU,2011-04-01,101.895
EU,2011-07-01,101.109
EU,2011-10-01,103.196
EU,2012-01-01,99.269
EU,2012-04-01,100.415
EU,2012-07-01,99.707
EU,2012-10-01,101.823
EU,2013-01-01,97.081
EU,2013-04-01,100.15
EU,2013-07-01,100.121
EU,2013-10-01,102.522
EU,2014-01-01,98.716
EU,2014-04-01,101.012
EU,2014-07-01,101.227
EU,2014-10-01,103.949
EU,2015-01-01,100.395
EU,2015-04-01,102.838
EU,2015-07-01,102.991
EU,2015-10-01,106.021
EU,2016-01-01,101.88
EU,2016-04-01,104.905
EU,2016-07-01,104.205
EU,2016-10-01,107.485
EU,2017-01-01,104.508
EU,2017-04-01,106.789
EU,2017-07-01,106.83
EU,2017-10-01,110.294
EU,2018-01-01,106.319
EU,2018-04-01,108.88
EU,2018-07-01,108.086
EU,2018-10-01,111.624
EU,2019-01-01,107.888
EU,2019-04-01,110.203
EU,2019-07-01,110.184
EU,2019-10-01,112.525
EU,2020-01-01,104.677
EU,2020-04-01,94.601
EU,2020-07-01,105.59
EU,2020-10-01,108.767
EU,2021-01-01,104.82
EU,2021-04-01,109.202
EU,2021-07-01,110.959
EU,2021-10-01,114.645
EU,2022-01-01,110.556
EU,2022-04-01,113.261
EU,2022-07-01,113.454
EU,2022-10-01,115.664
EU,2023-01-01,111.466
EU,2023-04-01,112.839
EU,2023-07-01,112.515
EU,2023-10-01,115.084
EU,2024-01-01,111.224
EU,2024-04-01,113.178
EU,2024-07-01,113.511
EU,2024-10-01,116.072
