REF_AREA,TIME_PERIOD,HP_R_N,Stock_Price
AT,2000-01-01,98.2843,5049.023446153846
AT,2000-04-01,95.9464,5200.817430769231
AT,2000-07-01,93.7325,5170.315584615383
AT,2000-10-01,92.7328,4882.476461538462
AT,2001-01-01,96.5591,4487.398169230768
AT,2001-04-01,91.484,4363.485938461537
AT,2001-07-01,95.009,3749.5165076923063
AT,2001-10-01,90.8217,3604.78306060606
AT,2002-01-01,93.2916,3660.2213593749993
AT,2002-04-01,91.0112,3445.095476923077
AT,2002-07-01,93.9752,2658.2127727272723
AT,2002-10-01,91.094,2470.9460909090913
AT,2003-01-01,92.167,2217.393828125
AT,2003-04-01,91.1409,2339.9810461538455
AT,2003-07-01,89.9534,2511.453151515152
AT,2003-10-01,92.1174,2614.337075757576
AT,2004-01-01,84.6086,2846.5095538461537
AT,2004-04-01,88.3345,2794.8779384615386
AT,2004-07-01,88.4584,2708.6510606060606
AT,2004-10-01,89.631,2869.6852575757584
AT,2005-01-01,89.3076,3025.2921874999997
AT,2005-04-01,89.8172,3063.7183384615387
AT,2005-07-01,89.7071,3307.970303030303
AT,2005-10-01,91.4958,3433.0800923076913
AT,2006-01-01,92.3222,3729.413153846153
AT,2006-04-01,92.29,3692.9221692307706
AT,2006-07-01,92.8029,3726.796338461538
AT,2006-10-01,92.3455,4032.4233692307703
AT,2007-01-01,94.5217,4150.5138
AT,2007-04-01,95.3553,4416.171692307692
AT,2007-07-01,95.8558,4317.561323076923
AT,2007-10-01,93.1447,4377.900212121213
AT,2008-01-01,93.1411,3809.3891692307698
AT,2008-04-01,91.1346,3705.592446153847
AT,2008-07-01,92.6293,3278.756969696969
AT,2008-10-01,94.1003,2497.6646363636364
AT,2009-01-01,96.2574,2166.4328750000004
AT,2009-04-01,96.1098,2376.564630769231
AT,2009-07-01,95.5889,2660.5825606060607
AT,2009-10-01,95.5617,2872.7397692307686
AT,2010-01-01,100.2528,2848.9657460317458
AT,2010-04-01,99.5266,2735.6698888888886
AT,2010-07-01,99.764,2715.9393787878794
AT,2010-10-01,100.4564,2817.7639848484837
AT,2011-01-01,101.977,2932.9304218750012
AT,2011-04-01,97.6315,2862.6709841269844
AT,2011-07-01,102.1472,2381.5675606060613
AT,2011-10-01,102.0126,2277.785109375
AT,2012-01-01,110.0836,2473.639892307692
AT,2012-04-01,110.347,2226.1589365079367
AT,2012-07-01,111.6216,2400.9411076923084
AT,2012-10-01,110.6542,2543.327062499999
AT,2013-01-01,112.5841,2676.5842741935485
AT,2013-04-01,113.4456,2696.1122187499996
AT,2013-07-01,114.8091,2782.28146969697
AT,2013-10-01,113.388,3017.5604843749998
AT,2014-01-01,115.399,3090.848412698413
AT,2014-04-01,116.8706,3213.9506507936503
AT,2014-07-01,115.6509,3173.144727272728
AT,2014-10-01,114.5364,3102.474875
AT,2015-01-01,118.4722,3441.982174603174
AT,2015-04-01,117.3504,3621.1146190476197
AT,2015-07-01,119.2214,3386.5137121212115
AT,2015-10-01,122.3019,3332.9457692307687
AT,2016-01-01,126.8194,2973.939112903226
AT,2016-04-01,127.7919,2974.3690153846155
AT,2016-07-01,126.9887,2975.7976060606065
AT,2016-10-01,126.212,3090.9747656249983
AT,2017-01-01,127.2065,3342.4348307692308
AT,2017-04-01,129.9271,3551.5675714285717
AT,2017-07-01,129.8126,3479.880061538461
AT,2017-10-01,129.258,3594.989507936509
AT,2018-01-01,134.0595,3473.9999841269832
AT,2018-04-01,133.7194,3481.3044375
AT,2018-07-01,137.226,3422.939846153847
AT,2018-10-01,135.9873,3169.1323281250006
AT,2019-01-01,138.2831,3212.726603174604
AT,2019-04-01,138.8249,3415.2197460317457
AT,2019-07-01,138.4329,3459.1172727272724
AT,2019-10-01,138.3018,3649.074359375
AT,2020-01-01,140.3019,3429.8705781250005
AT,2020-04-01,144.5156,3001.745603174604
AT,2020-07-01,149.2834,3291.8463181818183
AT,2020-10-01,150.1851,3367.3397384615373
AT,2021-01-01,155.5367,3696.7189841269847
AT,2021-04-01,157.55,4034.1099999999983
AT,2021-07-01,159.8272,4132.639499999999
AT,2021-10-01,162.4088,4216.628727272727
AT,2022-01-01,165.1219,4035.977671875001
AT,2022-04-01,165.2386,3699.3059682539683
AT,2022-07-01,161.2757,3566.2048636363647
AT,2022-10-01,154.5522,3731.4571718749994
AT,2023-01-01,151.1036,4176.021769230769
AT,2023-04-01,148.3815,4332.23557142857
AT,2023-07-01,146.6119,4296.212799999999
AT,2023-10-01,143.1445,4285.732126984125
AT,2024-01-01,141.153,4743.756365079365
AT,2024-04-01,140.1204,4986.99890625
AT,2024-07-01,140.0215,4860.355515151513
AT,2024-10-01,138.9332,4888.720671875
AT,2025-01-01,137.3711,NA
BE,2000-01-01,66.7303,5049.023446153846
BE,2000-04-01,66.4127,5200.817430769231
BE,2000-07-01,66.8442,5170.315584615383
BE,2000-10-01,67.4507,4882.476461538462
BE,2001-01-01,68.3166,4487.398169230768
BE,2001-04-01,67.8228,4363.485938461537
BE,2001-07-01,68.7814,3749.5165076923063
BE,2001-10-01,68.6908,3604.78306060606
BE,2002-01-01,69.7482,3660.2213593749993
BE,2002-04-01,70.8455,3445.095476923077
BE,2002-07-01,72.4755,2658.2127727272723
BE,2002-10-01,73.334,2470.9460909090913
BE,2003-01-01,73.7269,2217.393828125
BE,2003-04-01,74.3877,2339.9810461538455
BE,2003-07-01,75.9785,2511.453151515152
BE,2003-10-01,77.2544,2614.337075757576
BE,2004-01-01,78.8499,2846.5095538461537
BE,2004-04-01,78.465,2794.8779384615386
BE,2004-07-01,80.9843,2708.6510606060606
BE,2004-10-01,82.4761,2869.6852575757584
BE,2005-01-01,85.6401,3025.2921874999997
BE,2005-04-01,86.6113,3063.7183384615387
BE,2005-07-01,88.8244,3307.970303030303
BE,2005-10-01,90.7473,3433.0800923076913
BE,2006-01-01,92.2248,3729.413153846153
BE,2006-04-01,93.9116,3692.9221692307706
BE,2006-07-01,96.2827,3726.796338461538
BE,2006-10-01,97.1506,4032.4233692307703
BE,2007-01-01,98.8093,4150.5138
BE,2007-04-01,100.25,4416.171692307692
BE,2007-07-01,101.7298,4317.561323076923
BE,2007-10-01,100.9165,4377.900212121213
BE,2008-01-01,100.2148,3809.3891692307698
BE,2008-04-01,99.8087,3705.592446153847
BE,2008-07-01,100.5061,3278.756969696969
BE,2008-10-01,100.6476,2497.6646363636364
BE,2009-01-01,99.5764,2166.4328750000004
BE,2009-04-01,98.8441,2376.564630769231
BE,2009-07-01,101.2324,2660.5825606060607
BE,2009-10-01,100.0917,2872.7397692307686
BE,2010-01-01,99.4178,2848.9657460317458
BE,2010-04-01,99.2191,2735.6698888888886
BE,2010-07-01,101.0517,2715.9393787878794
BE,2010-10-01,100.2996,2817.7639848484837
BE,2011-01-01,99.7994,2932.9304218750012
BE,2011-04-01,99.3982,2862.6709841269844
BE,2011-07-01,100.9206,2381.5675606060613
BE,2011-10-01,100.0634,2277.785109375
BE,2012-01-01,99.463,2473.639892307692
BE,2012-04-01,99.3698,2226.1589365079367
BE,2012-07-01,100.0835,2400.9411076923084
BE,2012-10-01,99.3677,2543.327062499999
BE,2013-01-01,99.616,2676.5842741935485
BE,2013-04-01,99.7773,2696.1122187499996
BE,2013-07-01,100.6686,2782.28146969697
BE,2013-10-01,99.6875,3017.5604843749998
BE,2014-01-01,98.186,3090.848412698413
BE,2014-04-01,98.4335,3213.9506507936503
BE,2014-07-01,99.9309,3173.144727272728
BE,2014-10-01,100.499,3102.474875
BE,2015-01-01,99.1763,3441.982174603174
BE,2015-04-01,99.6713,3621.1146190476197
BE,2015-07-01,101.8188,3386.5137121212115
BE,2015-10-01,101.3075,3332.9457692307687
BE,2016-01-01,99.8489,2973.939112903226
BE,2016-04-01,99.8454,2974.3690153846155
BE,2016-07-01,101.8267,2975.7976060606065
BE,2016-10-01,101.8682,3090.9747656249983
BE,2017-01-01,101.1554,3342.4348307692308
BE,2017-04-01,100.9276,3551.5675714285717
BE,2017-07-01,103.9629,3479.880061538461
BE,2017-10-01,102.9155,3594.989507936509
BE,2018-01-01,102.5085,3473.9999841269832
BE,2018-04-01,102.9604,3481.3044375
BE,2018-07-01,104.3403,3422.939846153847
BE,2018-10-01,103.0205,3169.1323281250006
BE,2019-01-01,103.7313,3212.726603174604
BE,2019-04-01,104.142,3415.2197460317457
BE,2019-07-01,107.5508,3459.1172727272724
BE,2019-10-01,106.8041,3649.074359375
BE,2020-01-01,106.5837,3429.8705781250005
BE,2020-04-01,107.992,3001.745603174604
BE,2020-07-01,110.0807,3291.8463181818183
BE,2020-10-01,112.4435,3367.3397384615373
BE,2021-01-01,112.6126,3696.7189841269847
BE,2021-04-01,113.9179,4034.1099999999983
BE,2021-07-01,115.3707,4132.639499999999
BE,2021-10-01,113.2305,4216.628727272727
BE,2022-01-01,110.7734,4035.977671875001
BE,2022-04-01,110.7344,3699.3059682539683
BE,2022-07-01,110.2697,3566.2048636363647
BE,2022-10-01,106.6383,3731.4571718749994
BE,2023-01-01,107.4156,4176.021769230769
BE,2023-04-01,107.3712,4332.23557142857
BE,2023-07-01,107.5736,4296.212799999999
BE,2023-10-01,108.69970000000001,4285.732126984125
BE,2024-01-01,107.9284,4743.756365079365
BE,2024-04-01,107.1467,4986.99890625
BE,2024-07-01,107.9619,4860.355515151513
BE,2024-10-01,108.3602,4888.720671875
CY,2002-01-01,55.2744,3660.2213593749993
CY,2002-04-01,54.1254,3445.095476923077
CY,2002-07-01,57.1872,2658.2127727272723
CY,2002-10-01,56.5158,2470.9460909090913
CY,2003-01-01,55.1552,2217.393828125
CY,2003-04-01,54.9203,2339.9810461538455
CY,2003-07-01,56.7429,2511.453151515152
CY,2003-10-01,56.7277,2614.337075757576
CY,2004-01-01,64.8656,2846.5095538461537
CY,2004-04-01,66.2619,2794.8779384615386
CY,2004-07-01,68.6454,2708.6510606060606
CY,2004-10-01,69.6985,2869.6852575757584
CY,2005-01-01,70.6359,3025.2921874999997
CY,2005-04-01,71.6126,3063.7183384615387
CY,2005-07-01,72.7588,3307.970303030303
CY,2005-10-01,72.2423,3433.0800923076913
CY,2006-01-01,76.355,3729.413153846153
CY,2006-04-01,79.5674,3692.9221692307706
CY,2006-07-01,81.3354,3726.796338461538
CY,2006-10-01,85.2321,4032.4233692307703
CY,2007-01-01,91.4446,4150.5138
CY,2007-04-01,96.8305,4416.171692307692
CY,2007-07-01,99.451,4317.561323076923
CY,2007-10-01,100.5375,4377.900212121213
CY,2008-01-01,109.3745,3809.3891692307698
CY,2008-04-01,110.1619,3705.592446153847
CY,2008-07-01,110.3764,3278.756969696969
CY,2008-10-01,106.499,2497.6646363636364
CY,2009-01-01,103.8864,2166.4328750000004
CY,2009-04-01,102.6155,2376.564630769231
CY,2009-07-01,104.2532,2660.5825606060607
CY,2009-10-01,103.6233,2872.7397692307686
CY,2010-01-01,101.9884,2848.9657460317458
CY,2010-04-01,100.1073,2735.6698888888886
CY,2010-07-01,100.056,2715.9393787878794
CY,2010-10-01,97.9136,2817.7639848484837
CY,2011-01-01,97.3315,2932.9304218750012
CY,2011-04-01,93.902,2862.6709841269844
CY,2011-07-01,93.4722,2381.5675606060613
CY,2011-10-01,89.8505,2277.785109375
CY,2012-01-01,89.5897,2473.639892307692
CY,2012-04-01,86.1851,2226.1589365079367
CY,2012-07-01,86.0557,2400.9411076923084
CY,2012-10-01,84.4816,2543.327062499999
CY,2013-01-01,83.6732,2676.5842741935485
CY,2013-04-01,81.6985,2696.1122187499996
CY,2013-07-01,80.7006,2782.28146969697
CY,2013-10-01,78.8814,3017.5604843749998
CY,2014-01-01,77.7729,3090.848412698413
CY,2014-04-01,75.2896,3213.9506507936503
CY,2014-07-01,74.4816,3173.144727272728
CY,2014-10-01,73.063,3102.474875
CY,2015-01-01,73.9266,3441.982174603174
CY,2015-04-01,73.0083,3621.1146190476197
CY,2015-07-01,73.8514,3386.5137121212115
CY,2015-10-01,73.0045,3332.9457692307687
CY,2016-01-01,74.321,2973.939112903226
CY,2016-04-01,73.4364,2974.3690153846155
CY,2016-07-01,73.1868,2975.7976060606065
CY,2016-10-01,73.0145,3090.9747656249983
CY,2017-01-01,73.3779,3342.4348307692308
CY,2017-04-01,73.4856,3551.5675714285717
CY,2017-07-01,74.6698,3479.880061538461
CY,2017-10-01,74.361,3594.989507936509
CY,2018-01-01,75.3149,3473.9999841269832
CY,2018-04-01,73.9176,3481.3044375
CY,2018-07-01,74.2231,3422.939846153847
CY,2018-10-01,74.411,3169.1323281250006
CY,2019-01-01,76.1534,3212.726603174604
CY,2019-04-01,75.7153,3415.2197460317457
CY,2019-07-01,76.7896,3459.1172727272724
CY,2019-10-01,76.2045,3649.074359375
CY,2020-01-01,76.7185,3429.8705781250005
CY,2020-04-01,78.6282,3001.745603174604
CY,2020-07-01,78.6593,3291.8463181818183
CY,2020-10-01,77.4396,3367.3397384615373
CY,2021-01-01,78.5138,3696.7189841269847
CY,2021-04-01,76.9845,4034.1099999999983
CY,2021-07-01,76.2411,4132.639499999999
CY,2021-10-01,76.0699,4216.628727272727
CY,2022-01-01,76.1672,4035.977671875001
CY,2022-04-01,73.8005,3699.3059682539683
CY,2022-07-01,74.0046,3566.2048636363647
CY,2022-10-01,74.7536,3731.4571718749994
CY,2023-01-01,76.9943,4176.021769230769
CY,2023-04-01,77.0818,4332.23557142857
CY,2023-07-01,77.5011,4296.212799999999
CY,2023-10-01,79.1852,4285.732126984125
CY,2024-01-01,81.713,4743.756365079365
CY,2024-04-01,81.0656,4986.99890625
CY,2024-07-01,81.3793,4860.355515151513
CY,2024-10-01,81.518,4888.720671875
DE,2000-01-01,118.7491,5049.023446153846
DE,2000-04-01,118.8588,5200.817430769231
DE,2000-07-01,118.0843,5170.315584615383
DE,2000-10-01,117.7028,4882.476461538462
DE,2001-01-01,116.9148,4487.398169230768
DE,2001-04-01,115.8861,4363.485938461537
DE,2001-07-01,115.5822,3749.5165076923063
DE,2001-10-01,115.1908,3604.78306060606
DE,2002-01-01,114.0376,3660.2213593749993
DE,2002-04-01,113.6773,3445.095476923077
DE,2002-07-01,113.281,2658.2127727272723
DE,2002-10-01,112.8886,2470.9460909090913
DE,2003-01-01,111.5989,2217.393828125
DE,2003-04-01,111.2876,2339.9810461538455
DE,2003-07-01,110.4533,2511.453151515152
DE,2003-10-01,109.75,2614.337075757576
DE,2004-01-01,108.3665,2846.5095538461537
DE,2004-04-01,107.9078,2794.8779384615386
DE,2004-07-01,107.2677,2708.6510606060606
DE,2004-10-01,106.6036,2869.6852575757584
DE,2005-01-01,106.0957,3025.2921874999997
DE,2005-04-01,105.2131,3063.7183384615387
DE,2005-07-01,104.2621,3307.970303030303
DE,2005-10-01,104.1346,3433.0800923076913
DE,2006-01-01,102.6415,3729.413153846153
DE,2006-04-01,103.6188,3692.9221692307706
DE,2006-07-01,104.2189,3726.796338461538
DE,2006-10-01,103.0737,4032.4233692307703
DE,2007-01-01,101.6453,4150.5138
DE,2007-04-01,100.7383,4416.171692307692
DE,2007-07-01,100.8471,4317.561323076923
DE,2007-10-01,100.1891,4377.900212121213
DE,2008-01-01,101.639,3809.3891692307698
DE,2008-04-01,101.8112,3705.592446153847
DE,2008-07-01,100.6326,3278.756969696969
DE,2008-10-01,101.9201,2497.6646363636364
DE,2009-01-01,101.7331,2166.4328750000004
DE,2009-04-01,100.184,2376.564630769231
DE,2009-07-01,99.9545,2660.5825606060607
DE,2009-10-01,100.2817,2872.7397692307686
DE,2010-01-01,99.1342,2848.9657460317458
DE,2010-04-01,99.8472,2735.6698888888886
DE,2010-07-01,100.4955,2715.9393787878794
DE,2010-10-01,100.5153,2817.7639848484837
DE,2011-01-01,100.2208,2932.9304218750012
DE,2011-04-01,99.9811,2862.6709841269844
DE,2011-07-01,100.7473,2381.5675606060613
DE,2011-10-01,100.4737,2277.785109375
DE,2012-01-01,100.6459,2473.639892307692
DE,2012-04-01,101.5315,2226.1589365079367
DE,2012-07-01,101.3629,2400.9411076923084
DE,2012-10-01,101.7974,2543.327062499999
DE,2013-01-01,102.2659,2676.5842741935485
DE,2013-04-01,103.0375,2696.1122187499996
DE,2013-07-01,103.319,2782.28146969697
DE,2013-10-01,102.7744,3017.5604843749998
DE,2014-01-01,103.3807,3090.848412698413
DE,2014-04-01,105.2256,3213.9506507936503
DE,2014-07-01,105.34,3173.144727272728
DE,2014-10-01,105.6013,3102.474875
DE,2015-01-01,107.7635,3441.982174603174
DE,2015-04-01,108.7442,3621.1146190476197
DE,2015-07-01,109.1101,3386.5137121212115
DE,2015-10-01,111.273,3332.9457692307687
DE,2016-01-01,114.1153,2973.939112903226
DE,2016-04-01,116.2022,2974.3690153846155
DE,2016-07-01,117.7171,2975.7976060606065
DE,2016-10-01,119.4624,3090.9747656249983
DE,2017-01-01,119.8911,3342.4348307692308
DE,2017-04-01,121.2749,3551.5675714285717
DE,2017-07-01,122.4409,3479.880061538461
DE,2017-10-01,125.1533,3594.989507936509
DE,2018-01-01,126.2463,3473.9999841269832
DE,2018-04-01,127.0859,3481.3044375
DE,2018-07-01,128.6006,3422.939846153847
DE,2018-10-01,130.3818,3169.1323281250006
DE,2019-01-01,131.1792,3212.726603174604
DE,2019-04-01,132.4337,3415.2197460317457
DE,2019-07-01,133.4876,3459.1172727272724
DE,2019-10-01,137.1975,3649.074359375
DE,2020-01-01,138.1141,3429.8705781250005
DE,2020-04-01,140.0671,3001.745603174604
DE,2020-07-01,145.3409,3291.8463181818183
DE,2020-10-01,149.3463,3367.3397384615373
DE,2021-01-01,148.7445,3696.7189841269847
DE,2021-04-01,152.7808,4034.1099999999983
DE,2021-07-01,157.7869,4132.639499999999
DE,2021-10-01,160.595,4216.628727272727
DE,2022-01-01,158.2575,4035.977671875001
DE,2022-04-01,156.6903,3699.3059682539683
DE,2022-07-01,153.0131,3566.2048636363647
DE,2022-10-01,142.0779,3731.4571718749994
DE,2023-01-01,136.2676,4176.021769230769
DE,2023-04-01,132.7793,4332.23557142857
DE,2023-07-01,130.0365,4296.212799999999
DE,2023-10-01,127.4491,4285.732126984125
DE,2024-01-01,125.9806,4743.756365079365
DE,2024-04-01,126.6344,4986.99890625
DE,2024-07-01,127.0595,4860.355515151513
DE,2024-10-01,127.0061,4888.720671875
EE,2005-01-01,101.9719,3025.2921874999997
EE,2005-04-01,113.3599,3063.7183384615387
EE,2005-07-01,118.0817,3307.970303030303
EE,2005-10-01,132.8971,3433.0800923076913
EE,2006-01-01,148.7464,3729.413153846153
EE,2006-04-01,161.3083,3692.9221692307706
EE,2006-07-01,170.2938,3726.796338461538
EE,2006-10-01,187.2086,4032.4233692307703
EE,2007-01-01,189.9637,4150.5138
EE,2007-04-01,198.3038,4416.171692307692
EE,2007-07-01,188.6369,4317.561323076923
EE,2007-10-01,180.5511,4377.900212121213
EE,2008-01-01,168.9261,3809.3891692307698
EE,2008-04-01,160.2789,3705.592446153847
EE,2008-07-01,157.5516,3278.756969696969
EE,2008-10-01,134.0197,2497.6646363636364
EE,2009-01-01,106.5547,2166.4328750000004
EE,2009-04-01,100.2697,2376.564630769231
EE,2009-07-01,92.0611,2660.5825606060607
EE,2009-10-01,90.8472,2872.7397692307686
EE,2010-01-01,100.4538,2848.9657460317458
EE,2010-04-01,99.7083,2735.6698888888886
EE,2010-07-01,102.494,2715.9393787878794
EE,2010-10-01,97.3936,2817.7639848484837
EE,2011-01-01,101.6175,2932.9304218750012
EE,2011-04-01,103.0792,2862.6709841269844
EE,2011-07-01,103.997,2381.5675606060613
EE,2011-10-01,104.5753,2277.785109375
EE,2012-01-01,104.4173,2473.639892307692
EE,2012-04-01,106.7227,2226.1589365079367
EE,2012-07-01,108.6414,2400.9411076923084
EE,2012-10-01,106.7123,2543.327062499999
EE,2013-01-01,108.6563,2676.5842741935485
EE,2013-04-01,111.6681,2696.1122187499996
EE,2013-07-01,117.3956,2782.28146969697
EE,2013-10-01,121.5297,3017.5604843749998
EE,2014-01-01,126.8905,3090.848412698413
EE,2014-04-01,127.8623,3213.9506507936503
EE,2014-07-01,133.6735,3173.144727272728
EE,2014-10-01,134.3949,3102.474875
EE,2015-01-01,138.3905,3441.982174603174
EE,2015-04-01,141.3513,3621.1146190476197
EE,2015-07-01,139.6696,3386.5137121212115
EE,2015-10-01,141.9979,3332.9457692307687
EE,2016-01-01,141.7709,2973.939112903226
EE,2016-04-01,144.9237,2974.3690153846155
EE,2016-07-01,149.3299,2975.7976060606065
EE,2016-10-01,150.9889,3090.9747656249983
EE,2017-01-01,148.2779,3342.4348307692308
EE,2017-04-01,147.3002,3551.5675714285717
EE,2017-07-01,150.8406,3479.880061538461
EE,2017-10-01,152.57,3594.989507936509
EE,2018-01-01,153.2383,3473.9999841269832
EE,2018-04-01,153.0713,3481.3044375
EE,2018-07-01,151.6256,3422.939846153847
EE,2018-10-01,155.4546,3169.1323281250006
EE,2019-01-01,158.6708,3212.726603174604
EE,2019-04-01,157.3163,3415.2197460317457
EE,2019-07-01,160.365,3459.1172727272724
EE,2019-10-01,165.3539,3649.074359375
EE,2020-01-01,174.2705,3429.8705781250005
EE,2020-04-01,165.6087,3001.745603174604
EE,2020-07-01,168.2167,3291.8463181818183
EE,2020-10-01,175.3265,3367.3397384615373
EE,2021-01-01,184.5691,3696.7189841269847
EE,2021-04-01,186.4331,4034.1099999999983
EE,2021-07-01,186.9596,4132.639499999999
EE,2021-10-01,193.0393,4216.628727272727
EE,2022-01-01,197.8654,4035.977671875001
EE,2022-04-01,197.4212,3699.3059682539683
EE,2022-07-01,187.5923,3566.2048636363647
EE,2022-10-01,187.3057,3731.4571718749994
EE,2023-01-01,184.4707,4176.021769230769
EE,2023-04-01,186.2542,4332.23557142857
EE,2023-07-01,185.4199,4296.212799999999
EE,2023-10-01,189.929,4285.732126984125
EE,2024-01-01,190.7585,4743.756365079365
EE,2024-04-01,193.422,4986.99890625
EE,2024-07-01,191.2007,4860.355515151513
EE,2024-10-01,189.332,4888.720671875
EE,2025-01-01,190.9288,NA
ES,2000-01-01,59.2992,5049.023446153846
ES,2000-04-01,60.3938,5200.817430769231
ES,2000-07-01,60.4706,5170.315584615383
ES,2000-10-01,60.0285,4882.476461538462
ES,2001-01-01,62.0726,4487.398169230768
ES,2001-04-01,63.3982,4363.485938461537
ES,2001-07-01,64.2989,3749.5165076923063
ES,2001-10-01,64.9258,3604.78306060606
ES,2002-01-01,68.5006,3660.2213593749993
ES,2002-04-01,71.1724,3445.095476923077
ES,2002-07-01,73.02,2658.2127727272723
ES,2002-10-01,73.284,2470.9460909090913
ES,2003-01-01,77.1916,2217.393828125
ES,2003-04-01,81.1514,2339.9810461538455
ES,2003-07-01,83.4947,2511.453151515152
ES,2003-10-01,84.5636,2614.337075757576
ES,2004-01-01,89.4175,2846.5095538461537
ES,2004-04-01,92.3776,2794.8779384615386
ES,2004-07-01,94.4002,2708.6510606060606
ES,2004-10-01,95.8513,2869.6852575757584
ES,2005-01-01,100.2126,3025.2921874999997
ES,2005-04-01,101.9431,3063.7183384615387
ES,2005-07-01,103.5212,3307.970303030303
ES,2005-10-01,104.3454,3433.0800923076913
ES,2006-01-01,105.26,3729.413153846153
ES,2006-04-01,107.4006,3692.9221692307706
ES,2006-07-01,111.2361,3726.796338461538
ES,2006-10-01,113.4087,4032.4233692307703
ES,2007-01-01,116.2594,4150.5138
ES,2007-04-01,117.0491,4416.171692307692
ES,2007-07-01,118.6859,4317.561323076923
ES,2007-10-01,115.3087,4377.900212121213
ES,2008-01-01,114.5481,3809.3891692307698
ES,2008-04-01,111.5936,3705.592446153847
ES,2008-07-01,109.8453,3278.756969696969
ES,2008-10-01,106.6655,2497.6646363636364
ES,2009-01-01,105.5597,2166.4328750000004
ES,2009-04-01,103.8245,2376.564630769231
ES,2009-07-01,103.317,2660.5825606060607
ES,2009-10-01,101.8545,2872.7397692307686
ES,2010-01-01,101.306,2848.9657460317458
ES,2010-04-01,101.2193,2735.6698888888886
ES,2010-07-01,99.6126,2715.9393787878794
ES,2010-10-01,97.9162,2817.7639848484837
ES,2011-01-01,94.4117,2932.9304218750012
ES,2011-04-01,91.7022,2862.6709841269844
ES,2011-07-01,88.8539,2381.5675606060613
ES,2011-10-01,83.1478,2277.785109375
ES,2012-01-01,79.4662,2473.639892307692
ES,2012-04-01,75.5807,2226.1589365079367
ES,2012-07-01,72.5438,2400.9411076923084
ES,2012-10-01,70.373,2543.327062499999
ES,2013-01-01,67.5136,2676.5842741935485
ES,2013-04-01,66.4184,2696.1122187499996
ES,2013-07-01,67.0733,2782.28146969697
ES,2013-10-01,65.8622,3017.5604843749998
ES,2014-01-01,66.4244,3090.848412698413
ES,2014-04-01,66.8253,3213.9506507936503
ES,2014-07-01,67.4829,3173.144727272728
ES,2014-10-01,67.3601,3102.474875
ES,2015-01-01,68.1443,3441.982174603174
ES,2015-04-01,69.6883,3621.1146190476197
ES,2015-07-01,70.8008,3386.5137121212115
ES,2015-10-01,70.4493,3332.9457692307687
ES,2016-01-01,72.9028,2973.939112903226
ES,2016-04-01,73.0648,2974.3690153846155
ES,2016-07-01,73.78,2975.7976060606065
ES,2016-10-01,72.8481,3090.9747656249983
ES,2017-01-01,74.7271,3342.4348307692308
ES,2017-04-01,75.6353,3551.5675714285717
ES,2017-07-01,77.4133,3479.880061538461
ES,2017-10-01,76.9739,3594.989507936509
ES,2018-01-01,78.6458,3473.9999841269832
ES,2018-04-01,79.3512,3481.3044375
ES,2018-07-01,81.1454,3422.939846153847
ES,2018-10-01,80.739,3169.1323281250006
ES,2019-01-01,83.1197,3212.726603174604
ES,2019-04-01,82.8779,3415.2197460317457
ES,2019-07-01,84.7735,3459.1172727272724
ES,2019-10-01,83.3549,3649.074359375
ES,2020-01-01,85.3385,3429.8705781250005
ES,2020-04-01,85.2464,3001.745603174604
ES,2020-07-01,86.7542,3291.8463181818183
ES,2020-10-01,85.3705,3367.3397384615373
ES,2021-01-01,85.6374,3696.7189841269847
ES,2021-04-01,85.8483,4034.1099999999983
ES,2021-07-01,87.4019,4132.639499999999
ES,2021-10-01,85.7609,4216.628727272727
ES,2022-01-01,86.1696,4035.977671875001
ES,2022-04-01,85.0242,3699.3059682539683
ES,2022-07-01,85.4797,3566.2048636363647
ES,2022-10-01,84.8562,3731.4571718749994
ES,2023-01-01,84.9326,4176.021769230769
ES,2023-04-01,85.5698,4332.23557142857
ES,2023-07-01,86.9031,4296.212799999999
ES,2023-10-01,85.7,4285.732126984125
ES,2024-01-01,87.6101,4743.756365079365
ES,2024-04-01,89.2714,4986.99890625
ES,2024-07-01,92.0855,4860.355515151513
ES,2024-10-01,93.241,4888.720671875
FI,2000-01-01,73.7069,5049.023446153846
FI,2000-04-01,73.8911,5200.817430769231
FI,2000-07-01,72.0934,5170.315584615383
FI,2000-10-01,70.559,4882.476461538462
FI,2001-01-01,70.4522,4487.398169230768
FI,2001-04-01,70.1398,4363.485938461537
FI,2001-07-01,69.8763,3749.5165076923063
FI,2001-10-01,70.1451,3604.78306060606
FI,2002-01-01,72.4307,3660.2213593749993
FI,2002-04-01,74.1808,3445.095476923077
FI,2002-07-01,75.1253,2658.2127727272723
FI,2002-10-01,75.0722,2470.9460909090913
FI,2003-01-01,75.998,2217.393828125
FI,2003-04-01,77.4488,2339.9810461538455
FI,2003-07-01,79.3576,2511.453151515152
FI,2003-10-01,80.263,2614.337075757576
FI,2004-01-01,82.4051,2846.5095538461537
FI,2004-04-01,84.2748,2794.8779384615386
FI,2004-07-01,84.2127,2708.6510606060606
FI,2004-10-01,84.4093,2869.6852575757584
FI,2005-01-01,86.2434,3025.2921874999997
FI,2005-04-01,88.3767,3063.7183384615387
FI,2005-07-01,89.8944,3307.970303030303
FI,2005-10-01,91.6647,3433.0800923076913
FI,2006-01-01,92.4703,3729.413153846153
FI,2006-04-01,93.5678,3692.9221692307706
FI,2006-07-01,94.0714,3726.796338461538
FI,2006-10-01,94.9536,4032.4233692307703
FI,2007-01-01,96.5838,4150.5138
FI,2007-04-01,97.1541,4416.171692307692
FI,2007-07-01,97.1601,4317.561323076923
FI,2007-10-01,96.6425,4377.900212121213
FI,2008-01-01,96.0886,3809.3891692307698
FI,2008-04-01,95.6217,3705.592446153847
FI,2008-07-01,93.6643,3278.756969696969
FI,2008-10-01,90.1046,2497.6646363636364
FI,2009-01-01,92.7232,2166.4328750000004
FI,2009-04-01,94.1247,2376.564630769231
FI,2009-07-01,95.8955,2660.5825606060607
FI,2009-10-01,98.0789,2872.7397692307686
FI,2010-01-01,99.6381,2848.9657460317458
FI,2010-04-01,99.7295,2735.6698888888886
FI,2010-07-01,100.9364,2715.9393787878794
FI,2010-10-01,99.6978,2817.7639848484837
FI,2011-01-01,99.6476,2932.9304218750012
FI,2011-04-01,100.6222,2862.6709841269844
FI,2011-07-01,99.987,2381.5675606060613
FI,2011-10-01,98.79,2277.785109375
FI,2012-01-01,99.2969,2473.639892307692
FI,2012-04-01,99.4951,2226.1589365079367
FI,2012-07-01,99.3799,2400.9411076923084
FI,2012-10-01,99.2816,2543.327062499999
FI,2013-01-01,99.5415,2676.5842741935485
FI,2013-04-01,99.303,2696.1122187499996
FI,2013-07-01,99.1486,2782.28146969697
FI,2013-10-01,98.217,3017.5604843749998
FI,2014-01-01,98.0463,3090.848412698413
FI,2014-04-01,98.199,3213.9506507936503
FI,2014-07-01,97.5806,3173.144727272728
FI,2014-10-01,96.9307,3102.474875
FI,2015-01-01,97.5758,3441.982174603174
FI,2015-04-01,98.2222,3621.1146190476197
FI,2015-07-01,98.2029,3386.5137121212115
FI,2015-10-01,97.5637,3332.9457692307687
FI,2016-01-01,98.5894,2973.939112903226
FI,2016-04-01,99.0892,2974.3690153846155
FI,2016-07-01,99.3389,2975.7976060606065
FI,2016-10-01,98.1322,3090.9747656249983
FI,2017-01-01,98.8126,3342.4348307692308
FI,2017-04-01,99.8801,3551.5675714285717
FI,2017-07-01,99.2484,3479.880061538461
FI,2017-10-01,98.5103,3594.989507936509
FI,2018-01-01,99.0566,3473.9999841269832
FI,2018-04-01,99.6786,3481.3044375
FI,2018-07-01,98.9346,3422.939846153847
FI,2018-10-01,98.2704,3169.1323281250006
FI,2019-01-01,98.3059,3212.726603174604
FI,2019-04-01,99.1298,3415.2197460317457
FI,2019-07-01,98.4861,3459.1172727272724
FI,2019-10-01,97.6029,3649.074359375
FI,2020-01-01,98.643,3429.8705781250005
FI,2020-04-01,100.0054,3001.745603174604
FI,2020-07-01,99.8686,3291.8463181818183
FI,2020-10-01,100.904,3367.3397384615373
FI,2021-01-01,101.662,3696.7189841269847
FI,2021-04-01,103.3056,4034.1099999999983
FI,2021-07-01,102.4113,4132.639499999999
FI,2021-10-01,101.2586,4216.628727272727
FI,2022-01-01,100.0867,4035.977671875001
FI,2022-04-01,98.9588,3699.3059682539683
FI,2022-07-01,96.2873,3566.2048636363647
FI,2022-10-01,90.8526,3731.4571718749994
FI,2023-01-01,87.6533,4176.021769230769
FI,2023-04-01,87.3743,4332.23557142857
FI,2023-07-01,84.4573,4296.212799999999
FI,2023-10-01,83.2555,4285.732126984125
FI,2024-01-01,81.681,4743.756365079365
FI,2024-04-01,81.7254,4986.99890625
FI,2024-07-01,81.216,4860.355515151513
FI,2024-10-01,80.8844,4888.720671875
FR,2000-01-01,57.0576,5049.023446153846
FR,2000-04-01,58.3987,5200.817430769231
FR,2000-07-01,60.1994,5170.315584615383
FR,2000-10-01,59.7164,4882.476461538462
FR,2001-01-01,60.4545,4487.398169230768
FR,2001-04-01,61.5375,4363.485938461537
FR,2001-07-01,63.2236,3749.5165076923063
FR,2001-10-01,63.428,3604.78306060606
FR,2002-01-01,63.5734,3660.2213593749993
FR,2002-04-01,65.2558,3445.095476923077
FR,2002-07-01,67.7271,2658.2127727272723
FR,2002-10-01,68.1344,2470.9460909090913
FR,2003-01-01,68.8788,2217.393828125
FR,2003-04-01,71.233,2339.9810461538455
FR,2003-07-01,74.0753,2511.453151515152
FR,2003-10-01,74.8175,2614.337075757576
FR,2004-01-01,76.8672,2846.5095538461537
FR,2004-04-01,79.2415,2794.8779384615386
FR,2004-07-01,82.9537,2708.6510606060606
FR,2004-10-01,84.5347,2869.6852575757584
FR,2005-01-01,87.0158,3025.2921874999997
FR,2005-04-01,89.9107,3063.7183384615387
FR,2005-07-01,93.8085,3307.970303030303
FR,2005-10-01,95.3833,3433.0800923076913
FR,2006-01-01,97.2748,3729.413153846153
FR,2006-04-01,99.2514,3692.9221692307706
FR,2006-07-01,102.2009,3726.796338461538
FR,2006-10-01,103.1594,4032.4233692307703
FR,2007-01-01,103.7818,4150.5138
FR,2007-04-01,104.4941,4416.171692307692
FR,2007-07-01,106.6731,4317.561323076923
FR,2007-10-01,106.2858,4377.900212121213
FR,2008-01-01,104.9238,3809.3891692307698
FR,2008-04-01,103.8905,3705.592446153847
FR,2008-07-01,103.9231,3278.756969696969
FR,2008-10-01,100.9857,2497.6646363636364
FR,2009-01-01,97.6274,2166.4328750000004
FR,2009-04-01,95.769,2376.564630769231
FR,2009-07-01,97.3461,2660.5825606060607
FR,2009-10-01,97.3731,2872.7397692307686
FR,2010-01-01,97.5619,2848.9657460317458
FR,2010-04-01,98.6505,2735.6698888888886
FR,2010-07-01,101.4767,2715.9393787878794
FR,2010-10-01,102.2866,2817.7639848484837
FR,2011-01-01,102.1835,2932.9304218750012
FR,2011-04-01,103.0256,2862.6709841269844
FR,2011-07-01,105.2365,2381.5675606060613
FR,2011-10-01,103.5496,2277.785109375
FR,2012-01-01,101.6158,2473.639892307692
FR,2012-04-01,100.8134,2226.1589365079367
FR,2012-07-01,101.5615,2400.9411076923084
FR,2012-10-01,99.876,2543.327062499999
FR,2013-01-01,98.5358,2676.5842741935485
FR,2013-04-01,97.9094,2696.1122187499996
FR,2013-07-01,98.7113,2782.28146969697
FR,2013-10-01,97.7057,3017.5604843749998
FR,2014-01-01,96.3972,3090.848412698413
FR,2014-04-01,96.1602,3213.9506507936503
FR,2014-07-01,97.0861,3173.144727272728
FR,2014-10-01,95.3437,3102.474875
FR,2015-01-01,94.8173,3441.982174603174
FR,2015-04-01,94.0651,3621.1146190476197
FR,2015-07-01,95.6777,3386.5137121212115
FR,2015-10-01,95.1597,3332.9457692307687
FR,2016-01-01,95.1417,2973.939112903226
FR,2016-04-01,94.7332,2974.3690153846155
FR,2016-07-01,96.8292,2975.7976060606065
FR,2016-10-01,96.198,3090.9747656249983
FR,2017-01-01,96.6222,3342.4348307692308
FR,2017-04-01,96.9934,3551.5675714285717
FR,2017-07-01,99.0877,3479.880061538461
FR,2017-10-01,98.289,3594.989507936509
FR,2018-01-01,98.1154,3473.9999841269832
FR,2018-04-01,97.8563,3481.3044375
FR,2018-07-01,99.5677,3422.939846153847
FR,2018-10-01,99.5774,3169.1323281250006
FR,2019-01-01,99.7798,3212.726603174604
FR,2019-04-01,99.861,3415.2197460317457
FR,2019-07-01,101.9361,3459.1172727272724
FR,2019-10-01,102.2275,3649.074359375
FR,2020-01-01,103.4148,3429.8705781250005
FR,2020-04-01,104.734,3001.745603174604
FR,2020-07-01,106.5583,3291.8463181818183
FR,2020-10-01,108.1316,3367.3397384615373
FR,2021-01-01,108.3302,3696.7189841269847
FR,2021-04-01,109.5674,4034.1099999999983
FR,2021-07-01,112.2212,4132.639499999999
FR,2021-10-01,112.506,4216.628727272727
FR,2022-01-01,111.8103,4035.977671875001
FR,2022-04-01,111.1144,3699.3059682539683
FR,2022-07-01,112.8255,3566.2048636363647
FR,2022-10-01,111.0625,3731.4571718749994
FR,2023-01-01,108.5265,4176.021769230769
FR,2023-04-01,106.3737,4332.23557142857
FR,2023-07-01,106.0945,4296.212799999999
FR,2023-10-01,103.2303,4285.732126984125
FR,2024-01-01,100.5492,4743.756365079365
FR,2024-04-01,99.3328,4986.99890625
FR,2024-07-01,100.65,4860.355515151513
FR,2024-10-01,100.0346,4888.720671875
GR,2000-01-01,77.6642,5049.023446153846
GR,2000-04-01,78.1938,5200.817430769231
GR,2000-07-01,80.8527,5170.315584615383
GR,2000-10-01,81.5257,4882.476461538462
GR,2001-01-01,85.6593,4487.398169230768
GR,2001-04-01,86.7088,4363.485938461537
GR,2001-07-01,89.5565,3749.5165076923063
GR,2001-10-01,90.2583,3604.78306060606
GR,2002-01-01,93.9116,3660.2213593749993
GR,2002-04-01,96.7616,3445.095476923077
GR,2002-07-01,98.0545,2658.2127727272723
GR,2002-10-01,98.2402,2470.9460909090913
GR,2003-01-01,99.4764,2217.393828125
GR,2003-04-01,97.071,2339.9810461538455
GR,2003-07-01,99.1389,2511.453151515152
GR,2003-10-01,98.3198,2614.337075757576
GR,2004-01-01,97.8569,2846.5095538461537
GR,2004-04-01,96.3905,2794.8779384615386
GR,2004-07-01,98.6319,2708.6510606060606
GR,2004-10-01,98.861,2869.6852575757584
GR,2005-01-01,101.9492,3025.2921874999997
GR,2005-04-01,103.0645,3063.7183384615387
GR,2005-07-01,106.5434,3307.970303030303
GR,2005-10-01,107.9165,3433.0800923076913
GR,2006-01-01,112.0074,3729.413153846153
GR,2006-04-01,113.0191,3692.9221692307706
GR,2006-07-01,115.5599,3726.796338461538
GR,2006-10-01,118.6806,4032.4233692307703
GR,2007-01-01,118.5487,4150.5138
GR,2007-04-01,117.6459,4416.171692307692
GR,2007-07-01,119.5312,4317.561323076923
GR,2007-10-01,117.2875,4377.900212121213
GR,2008-01-01,116.9994,3809.3891692307698
GR,2008-04-01,114.2616,3705.592446153847
GR,2008-07-01,115.9146,3278.756969696969
GR,2008-10-01,114.6558,2497.6646363636364
GR,2009-01-01,111.4224,2166.4328750000004
GR,2009-04-01,110.6971,2376.564630769231
GR,2009-07-01,109.2424,2660.5825606060607
GR,2009-10-01,107.9627,2872.7397692307686
GR,2010-01-01,106.2279,2848.9657460317458
GR,2010-04-01,100.3345,2735.6698888888886
GR,2010-07-01,98.1406,2715.9393787878794
GR,2010-10-01,95.5631,2817.7639848484837
GR,2011-01-01,95.9735,2932.9304218750012
GR,2011-04-01,91.965,2862.6709841269844
GR,2011-07-01,91.314,2381.5675606060613
GR,2011-10-01,86.8191,2277.785109375
GR,2012-01-01,84.1442,2473.639892307692
GR,2012-04-01,80.7683,2226.1589365079367
GR,2012-07-01,78.7745,2400.9411076923084
GR,2012-10-01,74.8793,2543.327062499999
GR,2013-01-01,74.4672,2676.5842741935485
GR,2013-04-01,71.4453,2696.1122187499996
GR,2013-07-01,71.4849,2782.28146969697
GR,2013-10-01,69.1792,3017.5604843749998
GR,2014-01-01,68.6038,3090.848412698413
GR,2014-04-01,66.5535,3213.9506507936503
GR,2014-07-01,66.976,3173.144727272728
GR,2014-10-01,66.5695,3102.474875
GR,2015-01-01,67.3849,3441.982174603174
GR,2015-04-01,64.6323,3621.1146190476197
GR,2015-07-01,64.2537,3386.5137121212115
GR,2015-10-01,63.5543,3332.9457692307687
GR,2016-01-01,65.0473,2973.939112903226
GR,2016-04-01,63.5975,2974.3690153846155
GR,2016-07-01,63.7544,2975.7976060606065
GR,2016-10-01,63.1803,3090.9747656249983
GR,2017-01-01,62.9425,3342.4348307692308
GR,2017-04-01,62.1274,3551.5675714285717
GR,2017-07-01,62.7283,3479.880061538461
GR,2017-10-01,62.3916,3594.989507936509
GR,2018-01-01,63.3131,3473.9999841269832
GR,2018-04-01,62.5783,3481.3044375
GR,2018-07-01,63.5409,3422.939846153847
GR,2018-10-01,63.6839,3169.1323281250006
GR,2019-01-01,66.352,3212.726603174604
GR,2019-04-01,67.1166,3415.2197460317457
GR,2019-07-01,68.8516,3459.1172727272724
GR,2019-10-01,68.3819,3649.074359375
GR,2020-01-01,70.564,3429.8705781250005
GR,2020-04-01,70.9774,3001.745603174604
GR,2020-07-01,72.9046,3291.8463181818183
GR,2020-10-01,72.0312,3367.3397384615373
GR,2021-01-01,74.9826,3696.7189841269847
GR,2021-04-01,75.6339,4034.1099999999983
GR,2021-07-01,77.9059,4132.639499999999
GR,2021-10-01,75.8914,4216.628727272727
GR,2022-01-01,76.7863,4035.977671875001
GR,2022-04-01,75.4159,3699.3059682539683
GR,2022-07-01,78.5656,3566.2048636363647
GR,2022-10-01,80.0765,3731.4571718749994
GR,2023-01-01,83.8519,4176.021769230769
GR,2023-04-01,84.4807,4332.23557142857
GR,2023-07-01,86.629,4296.212799999999
GR,2023-10-01,87.1808,4285.732126984125
GR,2024-01-01,90.1308,4743.756365079365
GR,2024-04-01,90.2991,4986.99890625
GR,2024-07-01,91.1344,4860.355515151513
GR,2024-10-01,91.0664,4888.720671875
GR,2025-01-01,93.8547,NA
HR,2000-01-01,74.2481,5049.023446153846
HR,2000-04-01,71.4905,5200.817430769231
HR,2000-07-01,66.4132,5170.315584615383
HR,2000-10-01,63.8407,4882.476461538462
HR,2001-01-01,70.5444,4487.398169230768
HR,2001-04-01,70.0393,4363.485938461537
HR,2001-07-01,64.2258,3749.5165076923063
HR,2001-10-01,65.8798,3604.78306060606
HR,2002-01-01,68.9543,3660.2213593749993
HR,2002-04-01,67.8864,3445.095476923077
HR,2002-07-01,72.081,2658.2127727272723
HR,2002-10-01,72.05,2470.9460909090913
HR,2003-01-01,77.5777,2217.393828125
HR,2003-04-01,79.7016,2339.9810461538455
HR,2003-07-01,80.41,2511.453151515152
HR,2003-10-01,85.632,2614.337075757576
HR,2004-01-01,86.2733,2846.5095538461537
HR,2004-04-01,88.5831,2794.8779384615386
HR,2004-07-01,92.0956,2708.6510606060606
HR,2004-10-01,96.8975,2869.6852575757584
HR,2005-01-01,95.0263,3025.2921874999997
HR,2005-04-01,98.5644,3063.7183384615387
HR,2005-07-01,100.2746,3307.970303030303
HR,2005-10-01,103.9362,3433.0800923076913
HR,2006-01-01,106.3363,3729.413153846153
HR,2006-04-01,106.9212,3692.9221692307706
HR,2006-07-01,110.2183,3726.796338461538
HR,2006-10-01,117.1739,4032.4233692307703
HR,2007-01-01,119.4848,4150.5138
HR,2007-04-01,122.4711,4416.171692307692
HR,2007-07-01,124.5621,4317.561323076923
HR,2007-10-01,121.0109,4377.900212121213
HR,2008-01-01,117.4896,3809.3891692307698
HR,2008-04-01,115.8928,3705.592446153847
HR,2008-07-01,117.0475,3278.756969696969
HR,2008-10-01,114.4506,2497.6646363636364
HR,2009-01-01,112.6281,2166.4328750000004
HR,2009-04-01,107.6494,2376.564630769231
HR,2009-07-01,106.5839,2660.5825606060607
HR,2009-10-01,104.6231,2872.7397692307686
HR,2010-01-01,102.0921,2848.9657460317458
HR,2010-04-01,99.7015,2735.6698888888886
HR,2010-07-01,99.1884,2715.9393787878794
HR,2010-10-01,99.0345,2817.7639848484837
HR,2011-01-01,96.8887,2932.9304218750012
HR,2011-04-01,97.4758,2862.6709841269844
HR,2011-07-01,98.8019,2381.5675606060613
HR,2011-10-01,98.5584,2277.785109375
HR,2012-01-01,97.7583,2473.639892307692
HR,2012-04-01,93.7106,2226.1589365079367
HR,2012-07-01,93.0285,2400.9411076923084
HR,2012-10-01,88.6776,2543.327062499999
HR,2013-01-01,88.329,2676.5842741935485
HR,2013-04-01,87.1924,2696.1122187499996
HR,2013-07-01,87.9607,2782.28146969697
HR,2013-10-01,86.9318,3017.5604843749998
HR,2014-01-01,86.5743,3090.848412698413
HR,2014-04-01,86.8691,3213.9506507936503
HR,2014-07-01,86.4571,3173.144727272728
HR,2014-10-01,85.6448,3102.474875
HR,2015-01-01,85.4293,3441.982174603174
HR,2015-04-01,82.9357,3621.1146190476197
HR,2015-07-01,84.3871,3386.5137121212115
HR,2015-10-01,84.5563,3332.9457692307687
HR,2016-01-01,86.6135,2973.939112903226
HR,2016-04-01,85.4096,2974.3690153846155
HR,2016-07-01,86.6991,2975.7976060606065
HR,2016-10-01,85.4041,3090.9747656249983
HR,2017-01-01,85.4316,3342.4348307692308
HR,2017-04-01,88.1218,3551.5675714285717
HR,2017-07-01,89.0473,3479.880061538461
HR,2017-10-01,90.7124,3594.989507936509
HR,2018-01-01,91.7378,3473.9999841269832
HR,2018-04-01,90.3656,3481.3044375
HR,2018-07-01,93.3955,3422.939846153847
HR,2018-10-01,93.7155,3169.1323281250006
HR,2019-01-01,98.0612,3212.726603174604
HR,2019-04-01,98.9961,3415.2197460317457
HR,2019-07-01,100.075,3459.1172727272724
HR,2019-10-01,102.1941,3649.074359375
HR,2020-01-01,105.5565,3429.8705781250005
HR,2020-04-01,107.5188,3001.745603174604
HR,2020-07-01,107.1042,3291.8463181818183
HR,2020-10-01,109.1748,3367.3397384615373
HR,2021-01-01,109.9813,3696.7189841269847
HR,2021-04-01,112.0988,4034.1099999999983
HR,2021-07-01,113.24,4132.639499999999
HR,2021-10-01,113.6753,4216.628727272727
HR,2022-01-01,117.2538,4035.977671875001
HR,2022-04-01,114.9515,3699.3059682539683
HR,2022-07-01,115.6313,3566.2048636363647
HR,2022-10-01,117.733,3731.4571718749994
HR,2023-01-01,119.5665,4176.021769230769
HR,2023-04-01,120.9647,4332.23557142857
HR,2023-07-01,119.5504,4296.212799999999
HR,2023-10-01,122.7299,4285.732126984125
HR,2024-01-01,125.329,4743.756365079365
HR,2024-04-01,128.9347,4986.99890625
HR,2024-07-01,131.7649,4860.355515151513
HR,2024-10-01,131.4224,4888.720671875
HU,2000-01-01,82.1241,5049.023446153846
HU,2000-04-01,88.8316,5200.817430769231
HU,2000-07-01,92.2015,5170.315584615383
HU,2000-10-01,91.1393,4882.476461538462
HU,2001-01-01,93.3512,4487.398169230768
HU,2001-04-01,94.9606,4363.485938461537
HU,2001-07-01,99.0393,3749.5165076923063
HU,2001-10-01,101.2241,3604.78306060606
HU,2002-01-01,101.0969,3660.2213593749993
HU,2002-04-01,104.9496,3445.095476923077
HU,2002-07-01,109.5736,2658.2127727272723
HU,2002-10-01,109.5191,2470.9460909090913
HU,2003-01-01,116.1906,2217.393828125
HU,2003-04-01,120.9302,2339.9810461538455
HU,2003-07-01,123.0054,2511.453151515152
HU,2003-10-01,126.8422,2614.337075757576
HU,2004-01-01,119.5205,2846.5095538461537
HU,2004-04-01,122.4251,2794.8779384615386
HU,2004-07-01,125.4482,2708.6510606060606
HU,2004-10-01,123.0764,2869.6852575757584
HU,2005-01-01,120.7547,3025.2921874999997
HU,2005-04-01,121.4988,3063.7183384615387
HU,2005-07-01,123.6852,3307.970303030303
HU,2005-10-01,122.3663,3433.0800923076913
HU,2006-01-01,123.2488,3729.413153846153
HU,2006-04-01,122.5229,3692.9221692307706
HU,2006-07-01,123.9562,3726.796338461538
HU,2006-10-01,121.7149,4032.4233692307703
HU,2007-01-01,120.2196,4150.5138
HU,2007-04-01,120.7286,4416.171692307692
HU,2007-07-01,124.7018,4317.561323076923
HU,2007-10-01,123.5352,4377.900212121213
HU,2008-01-01,119.0797,3809.3891692307698
HU,2008-04-01,118.4445,3705.592446153847
HU,2008-07-01,118.5797,3278.756969696969
HU,2008-10-01,116.4921,2497.6646363636364
HU,2009-01-01,114.5563,2166.4328750000004
HU,2009-04-01,108.3564,2376.564630769231
HU,2009-07-01,104.9886,2660.5825606060607
HU,2009-10-01,102.0464,2872.7397692307686
HU,2010-01-01,102.6162,2848.9657460317458
HU,2010-04-01,100.3191,2735.6698888888886
HU,2010-07-01,99.7525,2715.9393787878794
HU,2010-10-01,97.3738,2817.7639848484837
HU,2011-01-01,95.3703,2932.9304218750012
HU,2011-04-01,93.1647,2862.6709841269844
HU,2011-07-01,92.3521,2381.5675606060613
HU,2011-10-01,90.8245,2277.785109375
HU,2012-01-01,88.8187,2473.639892307692
HU,2012-04-01,84.5113,2226.1589365079367
HU,2012-07-01,83.7142,2400.9411076923084
HU,2012-10-01,81.7287,2543.327062499999
HU,2013-01-01,81.2453,2676.5842741935485
HU,2013-04-01,81.1249,2696.1122187499996
HU,2013-07-01,81.4416,2782.28146969697
HU,2013-10-01,80.5554,3017.5604843749998
HU,2014-01-01,81.9807,3090.848412698413
HU,2014-04-01,83.5557,3213.9506507936503
HU,2014-07-01,85.2208,3173.144727272728
HU,2014-10-01,87.9572,3102.474875
HU,2015-01-01,90.4769,3441.982174603174
HU,2015-04-01,94.0054,3621.1146190476197
HU,2015-07-01,98.4927,3386.5137121212115
HU,2015-10-01,100.3886,3332.9457692307687
HU,2016-01-01,105.398,2973.939112903226
HU,2016-04-01,106.6991,2974.3690153846155
HU,2016-07-01,109.9867,2975.7976060606065
HU,2016-10-01,110.8267,3090.9747656249983
HU,2017-01-01,114.7862,3342.4348307692308
HU,2017-04-01,117.1602,3551.5675714285717
HU,2017-07-01,120.5118,3479.880061538461
HU,2017-10-01,122.2486,3594.989507936509
HU,2018-01-01,127.6353,3473.9999841269832
HU,2018-04-01,129.5149,3481.3044375
HU,2018-07-01,133.8199,3422.939846153847
HU,2018-10-01,136.6918,3169.1323281250006
HU,2019-01-01,147.2772,3212.726603174604
HU,2019-04-01,149.3897,3415.2197460317457
HU,2019-07-01,151.4379,3459.1172727272724
HU,2019-10-01,149.1813,3649.074359375
HU,2020-01-01,152.906,3429.8705781250005
HU,2020-04-01,149.5233,3001.745603174604
HU,2020-07-01,153.1086,3291.8463181818183
HU,2020-10-01,151.1723,3367.3397384615373
HU,2021-01-01,162.5724,3696.7189841269847
HU,2021-04-01,166.1408,4034.1099999999983
HU,2021-07-01,170.1469,4132.639499999999
HU,2021-10-01,173.3456,4216.628727272727
HU,2022-01-01,185.0115,4035.977671875001
HU,2022-04-01,187.5193,3699.3059682539683
HU,2022-07-01,181.3082,3566.2048636363647
HU,2022-10-01,165.5063,3731.4571718749994
HU,2023-01-01,164.2588,4176.021769230769
HU,2023-04-01,163.7433,4332.23557142857
HU,2023-07-01,162.9251,4296.212799999999
HU,2023-10-01,165.3738,4285.732126984125
HU,2024-01-01,177.3863,4743.756365079365
HU,2024-04-01,178.1427,4986.99890625
HU,2024-07-01,178.1577,4860.355515151513
HU,2024-10-01,179.9845,4888.720671875
IE,2000-01-01,94.4402,5049.023446153846
IE,2000-04-01,94.0444,5200.817430769231
IE,2000-07-01,97.1163,5170.315584615383
IE,2000-10-01,101.8005,4882.476461538462
IE,2001-01-01,102.1021,4487.398169230768
IE,2001-04-01,100.0197,4363.485938461537
IE,2001-07-01,97.9905,3749.5165076923063
IE,2001-10-01,98.4384,3604.78306060606
IE,2002-01-01,101.1134,3660.2213593749993
IE,2002-04-01,100.2949,3445.095476923077
IE,2002-07-01,104.646,2658.2127727272723
IE,2002-10-01,107.2653,2470.9460909090913
IE,2003-01-01,108.5369,2217.393828125
IE,2003-04-01,109.2378,2339.9810461538455
IE,2003-07-01,114.7643,2511.453151515152
IE,2003-10-01,119.5828,2614.337075757576
IE,2004-01-01,118.8865,2846.5095538461537
IE,2004-04-01,118.7709,2794.8779384615386
IE,2004-07-01,123.7408,2708.6510606060606
IE,2004-10-01,129.4947,2869.6852575757584
IE,2005-01-01,129.4076,3025.2921874999997
IE,2005-04-01,130.5175,3063.7183384615387
IE,2005-07-01,134.5563,3307.970303030303
IE,2005-10-01,139.553,3433.0800923076913
IE,2006-01-01,141.4299,3729.413153846153
IE,2006-04-01,144.2885,3692.9221692307706
IE,2006-07-01,151.1954,3726.796338461538
IE,2006-10-01,153.2263,4032.4233692307703
IE,2007-01-01,154.2658,4150.5138
IE,2007-04-01,152.0162,4416.171692307692
IE,2007-07-01,150.4141,4317.561323076923
IE,2007-10-01,148.1913,4377.900212121213
IE,2008-01-01,143.7729,3809.3891692307698
IE,2008-04-01,137.3826,3705.592446153847
IE,2008-07-01,132.7429,3278.756969696969
IE,2008-10-01,127.0827,2497.6646363636364
IE,2009-01-01,121.8488,2166.4328750000004
IE,2009-04-01,115.0386,2376.564630769231
IE,2009-07-01,111.362,2660.5825606060607
IE,2009-10-01,109.3189,2872.7397692307686
IE,2010-01-01,106.1944,2848.9657460317458
IE,2010-04-01,101.7903,2735.6698888888886
IE,2010-07-01,98.2848,2715.9393787878794
IE,2010-10-01,93.8299,2817.7639848484837
IE,2011-01-01,88.8998,2932.9304218750012
IE,2011-04-01,83.1614,2862.6709841269844
IE,2011-07-01,78.124,2381.5675606060613
IE,2011-10-01,73.4022,2277.785109375
IE,2012-01-01,69.9189,2473.639892307692
IE,2012-04-01,67.7253,2226.1589365079367
IE,2012-07-01,68.4168,2400.9411076923084
IE,2012-10-01,69.1258,2543.327062499999
IE,2013-01-01,67.1009,2676.5842741935485
IE,2013-04-01,66.7676,2696.1122187499996
IE,2013-07-01,70.5635,2782.28146969697
IE,2013-10-01,72.8356,3017.5604843749998
IE,2014-01-01,73.9779,3090.848412698413
IE,2014-04-01,77.5291,3213.9506507936503
IE,2014-07-01,83.8811,3173.144727272728
IE,2014-10-01,87.0841,3102.474875
IE,2015-01-01,87.4279,3441.982174603174
IE,2015-04-01,88.5638,3621.1146190476197
IE,2015-07-01,91.258,3386.5137121212115
IE,2015-10-01,93.1891,3332.9457692307687
IE,2016-01-01,94.1429,2973.939112903226
IE,2016-04-01,94.04,2974.3690153846155
IE,2016-07-01,97.9459,2975.7976060606065
IE,2016-10-01,101.2676,3090.9747656249983
IE,2017-01-01,102.4046,3342.4348307692308
IE,2017-04-01,103.7302,3551.5675714285717
IE,2017-07-01,109.2982,3479.880061538461
IE,2017-10-01,112.5762,3594.989507936509
IE,2018-01-01,114.7071,3473.9999841269832
IE,2018-04-01,116.647,3481.3044375
IE,2018-07-01,118.3222,3422.939846153847
IE,2018-10-01,119.8566,3169.1323281250006
IE,2019-01-01,118.8336,3212.726603174604
IE,2019-04-01,118.0591,3415.2197460317457
IE,2019-07-01,119.5717,3459.1172727272724
IE,2019-10-01,119.5888,3649.074359375
IE,2020-01-01,118.7823,3429.8705781250005
IE,2020-04-01,118.8581,3001.745603174604
IE,2020-07-01,119.6423,3291.8463181818183
IE,2020-10-01,121.8728,3367.3397384615373
IE,2021-01-01,122.6189,3696.7189841269847
IE,2021-04-01,123.6954,4034.1099999999983
IE,2021-07-01,128.5472,4132.639499999999
IE,2021-10-01,131.7244,4216.628727272727
IE,2022-01-01,133.2296,4035.977671875001
IE,2022-04-01,130.9523,3699.3059682539683
IE,2022-07-01,132.345,3566.2048636363647
IE,2022-10-01,131.5187,3731.4571718749994
IE,2023-01-01,129.7083,4176.021769230769
IE,2023-04-01,126.1491,4332.23557142857
IE,2023-07-01,126.3595,4296.212799999999
IE,2023-10-01,129.7666,4285.732126984125
IE,2024-01-01,133.2938,4743.756365079365
IE,2024-04-01,133.436,4986.99890625
IE,2024-07-01,136.7368,4860.355515151513
IE,2024-10-01,140.4874,4888.720671875
IE,2025-01-01,141.238,NA
IT,2000-01-01,76.3039,5049.023446153846
IT,2000-04-01,76.4064,5200.817430769231
IT,2000-07-01,76.9951,5170.315584615383
IT,2000-10-01,77.3332,4882.476461538462
IT,2001-01-01,77.5702,4487.398169230768
IT,2001-04-01,77.8781,4363.485938461537
IT,2001-07-01,79.271,3749.5165076923063
IT,2001-10-01,81.1367,3604.78306060606
IT,2002-01-01,85.0609,3660.2213593749993
IT,2002-04-01,86.2191,3445.095476923077
IT,2002-07-01,86.8406,2658.2127727272723
IT,2002-10-01,86.9043,2470.9460909090913
IT,2003-01-01,88.1578,2217.393828125
IT,2003-04-01,88.7015,2339.9810461538455
IT,2003-07-01,89.8766,2511.453151515152
IT,2003-10-01,90.0255,2614.337075757576
IT,2004-01-01,90.4413,2846.5095538461537
IT,2004-04-01,91.5757,2794.8779384615386
IT,2004-07-01,93.5718,2708.6510606060606
IT,2004-10-01,94.8074,2869.6852575757584
IT,2005-01-01,96.1263,3025.2921874999997
IT,2005-04-01,97.2307,3063.7183384615387
IT,2005-07-01,98.5355,3307.970303030303
IT,2005-10-01,99.0836,3433.0800923076913
IT,2006-01-01,99.6567,3729.413153846153
IT,2006-04-01,100.8067,3692.9221692307706
IT,2006-07-01,102.0859,3726.796338461538
IT,2006-10-01,102.7719,4032.4233692307703
IT,2007-01-01,103.7027,4150.5138
IT,2007-04-01,104.2274,4416.171692307692
IT,2007-07-01,105.0506,4317.561323076923
IT,2007-10-01,104.863,4377.900212121213
IT,2008-01-01,104.3853,3809.3891692307698
IT,2008-04-01,104.2421,3705.592446153847
IT,2008-07-01,103.6755,3278.756969696969
IT,2008-10-01,102.5444,2497.6646363636364
IT,2009-01-01,103.1062,2166.4328750000004
IT,2009-04-01,102.4725,2376.564630769231
IT,2009-07-01,102.3805,2660.5825606060607
IT,2009-10-01,101.6107,2872.7397692307686
IT,2010-01-01,99.6538,2848.9657460317458
IT,2010-04-01,99.9677,2735.6698888888886
IT,2010-07-01,100.2773,2715.9393787878794
IT,2010-10-01,100.097,2817.7639848484837
IT,2011-01-01,98.6254,2932.9304218750012
IT,2011-04-01,99.6764,2862.6709841269844
IT,2011-07-01,98.7695,2381.5675606060613
IT,2011-10-01,97.3849,2277.785109375
IT,2012-01-01,96.0858,2473.639892307692
IT,2012-04-01,94.4295,2226.1589365079367
IT,2012-07-01,92.2334,2400.9411076923084
IT,2012-10-01,90.3482,2543.327062499999
IT,2013-01-01,87.5526,2676.5842741935485
IT,2013-04-01,87.1016,2696.1122187499996
IT,2013-07-01,85.4596,2782.28146969697
IT,2013-10-01,84.5976,3017.5604843749998
IT,2014-01-01,83.333,3090.848412698413
IT,2014-04-01,82.3933,3213.9506507936503
IT,2014-07-01,81.4979,3173.144727272728
IT,2014-10-01,80.4122,3102.474875
IT,2015-01-01,78.7998,3441.982174603174
IT,2015-04-01,78.4876,3621.1146190476197
IT,2015-07-01,79.1453,3386.5137121212115
IT,2015-10-01,78.6342,3332.9457692307687
IT,2016-01-01,78.9528,2973.939112903226
IT,2016-04-01,79.3472,2974.3690153846155
IT,2016-07-01,79.1611,2975.7976060606065
IT,2016-10-01,78.6632,3090.9747656249983
IT,2017-01-01,77.3627,3342.4348307692308
IT,2017-04-01,77.4714,3551.5675714285717
IT,2017-07-01,77.1095,3479.880061538461
IT,2017-10-01,77.0267,3594.989507936509
IT,2018-01-01,76.4168,3473.9999841269832
IT,2018-04-01,76.4554,3481.3044375
IT,2018-07-01,75.3716,3422.939846153847
IT,2018-10-01,75.5645,3169.1323281250006
IT,2019-01-01,75.0057,3212.726603174604
IT,2019-04-01,75.7359,3415.2197460317457
IT,2019-07-01,75.409,3459.1172727272724
IT,2019-10-01,75.4972,3649.074359375
IT,2020-01-01,76.0882,3429.8705781250005
IT,2020-04-01,78.3593,3001.745603174604
IT,2020-07-01,76.5432,3291.8463181818183
IT,2020-10-01,76.8214,3367.3397384615373
IT,2021-01-01,76.9408,3696.7189841269847
IT,2021-04-01,77.7337,4034.1099999999983
IT,2021-07-01,77.9912,4132.639499999999
IT,2021-10-01,77.1591,4216.628727272727
IT,2022-01-01,76.1252,4035.977671875001
IT,2022-04-01,76.4551,3699.3059682539683
IT,2022-07-01,74.0326,3566.2048636363647
IT,2022-10-01,70.9075,3731.4571718749994
IT,2023-01-01,70.6296,4176.021769230769
IT,2023-04-01,71.6514,4332.23557142857
IT,2023-07-01,71.3072,4296.212799999999
IT,2023-10-01,71.466,4285.732126984125
IT,2024-01-01,71.097,4743.756365079365
IT,2024-04-01,73.1672,4986.99890625
IT,2024-07-01,73.2442,4860.355515151513
IT,2024-10-01,73.7596,4888.720671875
IT,2025-01-01,73.0269,NA
LT,2000-01-01,41.9676,5049.023446153846
LT,2000-04-01,38.7607,5200.817430769231
LT,2000-07-01,36.238,5170.315584615383
LT,2000-10-01,39.844,4882.476461538462
LT,2001-01-01,46.9793,4487.398169230768
LT,2001-04-01,43.6463,4363.485938461537
LT,2001-07-01,48.2829,3749.5165076923063
LT,2001-10-01,55.1937,3604.78306060606
LT,2002-01-01,51.5794,3660.2213593749993
LT,2002-04-01,52.4871,3445.095476923077
LT,2002-07-01,55.3289,2658.2127727272723
LT,2002-10-01,57.3898,2470.9460909090913
LT,2003-01-01,64.9469,2217.393828125
LT,2003-04-01,58.7429,2339.9810461538455
LT,2003-07-01,61.0576,2511.453151515152
LT,2003-10-01,64.7963,2614.337075757576
LT,2004-01-01,70.0539,2846.5095538461537
LT,2004-04-01,66.2078,2794.8779384615386
LT,2004-07-01,73.5797,2708.6510606060606
LT,2004-10-01,82.1327,2869.6852575757584
LT,2005-01-01,95.3097,3025.2921874999997
LT,2005-04-01,89.9605,3063.7183384615387
LT,2005-07-01,99.0317,3307.970303030303
LT,2005-10-01,124.1761,3433.0800923076913
LT,2006-01-01,129.7917,3729.413153846153
LT,2006-04-01,129.3785,3692.9221692307706
LT,2006-07-01,141.4617,3726.796338461538
LT,2006-10-01,154.6389,4032.4233692307703
LT,2007-01-01,159.8405,4150.5138
LT,2007-04-01,163.6122,4416.171692307692
LT,2007-07-01,171.3921,4317.561323076923
LT,2007-10-01,168.7558,4377.900212121213
LT,2008-01-01,168.6834,3809.3891692307698
LT,2008-04-01,169.4604,3705.592446153847
LT,2008-07-01,164.1763,3278.756969696969
LT,2008-10-01,150.4949,2497.6646363636364
LT,2009-01-01,117.0766,2166.4328750000004
LT,2009-04-01,111.1014,2376.564630769231
LT,2009-07-01,107.0447,2660.5825606060607
LT,2009-10-01,102.2759,2872.7397692307686
LT,2010-01-01,99.1576,2848.9657460317458
LT,2010-04-01,100.5869,2735.6698888888886
LT,2010-07-01,99.6819,2715.9393787878794
LT,2010-10-01,100.5611,2817.7639848484837
LT,2011-01-01,103.5105,2932.9304218750012
LT,2011-04-01,102.0445,2862.6709841269844
LT,2011-07-01,101.8896,2381.5675606060613
LT,2011-10-01,102.0912,2277.785109375
LT,2012-01-01,100.8363,2473.639892307692
LT,2012-04-01,98.4104,2226.1589365079367
LT,2012-07-01,99.0529,2400.9411076923084
LT,2012-10-01,98.0485,2543.327062499999
LT,2013-01-01,98.5986,2676.5842741935485
LT,2013-04-01,99.5235,2696.1122187499996
LT,2013-07-01,98.2583,2782.28146969697
LT,2013-10-01,100.587,3017.5604843749998
LT,2014-01-01,102.2287,3090.848412698413
LT,2014-04-01,105.8775,3213.9506507936503
LT,2014-07-01,108.0758,3173.144727272728
LT,2014-10-01,105.8597,3102.474875
LT,2015-01-01,108.4835,3441.982174603174
LT,2015-04-01,110.3103,3621.1146190476197
LT,2015-07-01,112.8326,3386.5137121212115
LT,2015-10-01,109.7553,3332.9457692307687
LT,2016-01-01,111.0524,2973.939112903226
LT,2016-04-01,113.223,2974.3690153846155
LT,2016-07-01,117.9778,2975.7976060606065
LT,2016-10-01,118.7229,3090.9747656249983
LT,2017-01-01,119.0881,3342.4348307692308
LT,2017-04-01,120.5646,3551.5675714285717
LT,2017-07-01,122.7022,3479.880061538461
LT,2017-10-01,121.7658,3594.989507936509
LT,2018-01-01,124.187,3473.9999841269832
LT,2018-04-01,126.1828,3481.3044375
LT,2018-07-01,127.7915,3422.939846153847
LT,2018-10-01,127.6438,3169.1323281250006
LT,2019-01-01,131.1385,3212.726603174604
LT,2019-04-01,131.0206,3415.2197460317457
LT,2019-07-01,132.706,3459.1172727272724
LT,2019-10-01,133.2458,3649.074359375
LT,2020-01-01,135.92,3429.8705781250005
LT,2020-04-01,139.0751,3001.745603174604
LT,2020-07-01,139.7961,3291.8463181818183
LT,2020-10-01,145.0123,3367.3397384615373
LT,2021-01-01,150.9321,3696.7189841269847
LT,2021-04-01,152.6017,4034.1099999999983
LT,2021-07-01,157.651,4132.639499999999
LT,2021-10-01,159.0404,4216.628727272727
LT,2022-01-01,157.5921,4035.977671875001
LT,2022-04-01,156.6324,3699.3059682539683
LT,2022-07-01,153.2297,3566.2048636363647
LT,2022-10-01,150.36,3731.4571718749994
LT,2023-01-01,150.5466,4176.021769230769
LT,2023-04-01,153.3518,4332.23557142857
LT,2023-07-01,157.5566,4296.212799999999
LT,2023-10-01,159.684,4285.732126984125
LT,2024-01-01,164.6284,4743.756365079365
LT,2024-04-01,168.4797,4986.99890625
LT,2024-07-01,170.3627,4860.355515151513
LT,2024-10-01,173.1851,4888.720671875
LT,2025-01-01,172.6668,NA
LU,2007-01-01,97.3907,4150.5138
LU,2007-04-01,96.9684,4416.171692307692
LU,2007-07-01,100.913,4317.561323076923
LU,2007-10-01,98.9683,4377.900212121213
LU,2008-01-01,97.7961,3809.3891692307698
LU,2008-04-01,98.9122,3705.592446153847
LU,2008-07-01,98.2059,3278.756969696969
LU,2008-10-01,99.1081,2497.6646363636364
LU,2009-01-01,97.4159,2166.4328750000004
LU,2009-04-01,97.095,2376.564630769231
LU,2009-07-01,95.9219,2660.5825606060607
LU,2009-10-01,97.6366,2872.7397692307686
LU,2010-01-01,101.2364,2848.9657460317458
LU,2010-04-01,98.6599,2735.6698888888886
LU,2010-07-01,99.7299,2715.9393787878794
LU,2010-10-01,100.3852,2817.7639848484837
LU,2011-01-01,98.8499,2932.9304218750012
LU,2011-04-01,99.9118,2862.6709841269844
LU,2011-07-01,99.8819,2381.5675606060613
LU,2011-10-01,102.35,2277.785109375
LU,2012-01-01,100.4411,2473.639892307692
LU,2012-04-01,101.3956,2226.1589365079367
LU,2012-07-01,101.5388,2400.9411076923084
LU,2012-10-01,103.6163,2543.327062499999
LU,2013-01-01,103.6579,2676.5842741935485
LU,2013-04-01,104.2286,2696.1122187499996
LU,2013-07-01,105.5193,2782.28146969697
LU,2013-10-01,106.621,3017.5604843749998
LU,2014-01-01,105.0815,3090.848412698413
LU,2014-04-01,108.4067,3213.9506507936503
LU,2014-07-01,110.1067,3173.144727272728
LU,2014-10-01,112.1168,3102.474875
LU,2015-01-01,112.4928,3441.982174603174
LU,2015-04-01,113.6954,3621.1146190476197
LU,2015-07-01,115.5201,3386.5137121212115
LU,2015-10-01,115.3369,3332.9457692307687
LU,2016-01-01,117.772,2973.939112903226
LU,2016-04-01,120.0068,2974.3690153846155
LU,2016-07-01,121.885,2975.7976060606065
LU,2016-10-01,123.4053,3090.9747656249983
LU,2017-01-01,123.8363,3342.4348307692308
LU,2017-04-01,125.5558,3551.5675714285717
LU,2017-07-01,125.5325,3479.880061538461
LU,2017-10-01,126.5726,3594.989507936509
LU,2018-01-01,130.3163,3473.9999841269832
LU,2018-04-01,130.2631,3481.3044375
LU,2018-07-01,132.7825,3422.939846153847
LU,2018-10-01,135.4041,3169.1323281250006
LU,2019-01-01,136.676,3212.726603174604
LU,2019-04-01,142.2081,3415.2197460317457
LU,2019-07-01,145.4324,3459.1172727272724
LU,2019-10-01,147.9439,3649.074359375
LU,2020-01-01,153.744,3429.8705781250005
LU,2020-04-01,160.2235,3001.745603174604
LU,2020-07-01,164.3453,3291.8463181818183
LU,2020-10-01,171.7028,3367.3397384615373
LU,2021-01-01,177.9091,3696.7189841269847
LU,2021-04-01,177.7342,4034.1099999999983
LU,2021-07-01,181.5434,4132.639499999999
LU,2021-10-01,184.935,4216.628727272727
LU,2022-01-01,186.0116,4035.977671875001
LU,2022-04-01,185.4006,3699.3059682539683
LU,2022-07-01,188.7292,3566.2048636363647
LU,2022-10-01,183.9971,3731.4571718749994
LU,2023-01-01,175.4444,4176.021769230769
LU,2023-04-01,168.5827,4332.23557142857
LU,2023-07-01,156.1586,4296.212799999999
LU,2023-10-01,152.4492,4285.732126984125
LU,2024-01-01,150.8921,4743.756365079365
LU,2024-04-01,150.7972,4986.99890625
LU,2024-07-01,150.7237,4860.355515151513
LU,2024-10-01,153.0947,4888.720671875
LV,2006-01-01,149.1909,3729.413153846153
LV,2006-04-01,161.6375,3692.9221692307706
LV,2006-07-01,176.2428,3726.796338461538
LV,2006-10-01,188.6275,4032.4233692307703
LV,2007-01-01,207.371,4150.5138
LV,2007-04-01,207.8769,4416.171692307692
LV,2007-07-01,218.0919,4317.561323076923
LV,2007-10-01,204.3795,4377.900212121213
LV,2008-01-01,207.866,3809.3891692307698
LV,2008-04-01,196.5136,3705.592446153847
LV,2008-07-01,181.2243,3278.756969696969
LV,2008-10-01,150.0413,2497.6646363636364
LV,2009-01-01,119.9556,2166.4328750000004
LV,2009-04-01,108.3479,2376.564630769231
LV,2009-07-01,108.637,2660.5825606060607
LV,2009-10-01,107.2214,2872.7397692307686
LV,2010-01-01,98.8691,2848.9657460317458
LV,2010-04-01,97.9777,2735.6698888888886
LV,2010-07-01,100.3866,2715.9393787878794
LV,2010-10-01,102.7311,2817.7639848484837
LV,2011-01-01,105.3416,2932.9304218750012
LV,2011-04-01,105.0432,2862.6709841269844
LV,2011-07-01,108.5327,2381.5675606060613
LV,2011-10-01,104.2682,2277.785109375
LV,2012-01-01,104.4883,2473.639892307692
LV,2012-04-01,104.7489,2226.1589365079367
LV,2012-07-01,108.0594,2400.9411076923084
LV,2012-10-01,108.8933,2543.327062499999
LV,2013-01-01,109.0998,2676.5842741935485
LV,2013-04-01,113.1035,2696.1122187499996
LV,2013-07-01,115.1345,2782.28146969697
LV,2013-10-01,118.1716,3017.5604843749998
LV,2014-01-01,120.1441,3090.848412698413
LV,2014-04-01,121.0395,3213.9506507936503
LV,2014-07-01,126.5638,3173.144727272728
LV,2014-10-01,112.2497,3102.474875
LV,2015-01-01,112.3038,3441.982174603174
LV,2015-04-01,114.5402,3621.1146190476197
LV,2015-07-01,116.5211,3386.5137121212115
LV,2015-10-01,119.5183,3332.9457692307687
LV,2016-01-01,120.8222,2973.939112903226
LV,2016-04-01,126.2686,2974.3690153846155
LV,2016-07-01,127.4295,2975.7976060606065
LV,2016-10-01,126.9249,3090.9747656249983
LV,2017-01-01,127.9683,3342.4348307692308
LV,2017-04-01,133.6761,3551.5675714285717
LV,2017-07-01,134.7492,3479.880061538461
LV,2017-10-01,133.5694,3594.989507936509
LV,2018-01-01,139.77,3473.9999841269832
LV,2018-04-01,141.9375,3481.3044375
LV,2018-07-01,140.4202,3422.939846153847
LV,2018-10-01,144.165,3169.1323281250006
LV,2019-01-01,144.5069,3212.726603174604
LV,2019-04-01,148.3204,3415.2197460317457
LV,2019-07-01,153.7351,3459.1172727272724
LV,2019-10-01,153.5184,3649.074359375
LV,2020-01-01,154.1509,3429.8705781250005
LV,2020-04-01,151.1813,3001.745603174604
LV,2020-07-01,156.4186,3291.8463181818183
LV,2020-10-01,157.9013,3367.3397384615373
LV,2021-01-01,158.7723,3696.7189841269847
LV,2021-04-01,165.6265,4034.1099999999983
LV,2021-07-01,169.3839,4132.639499999999
LV,2021-10-01,171.1556,4216.628727272727
LV,2022-01-01,170.6452,4035.977671875001
LV,2022-04-01,165.5111,3699.3059682539683
LV,2022-07-01,158.0525,3566.2048636363647
LV,2022-10-01,153.0569,3731.4571718749994
LV,2023-01-01,151.0141,4176.021769230769
LV,2023-04-01,156.2158,4332.23557142857
LV,2023-07-01,155.02440000000001,4296.212799999999
LV,2023-10-01,152.4659,4285.732126984125
LV,2024-01-01,155.3058,4743.756365079365
LV,2024-04-01,156.0289,4986.99890625
LV,2024-07-01,161.6094,4860.355515151513
LV,2024-10-01,159.6023,4888.720671875
LV,2025-01-01,158.9462,NA
MT,2005-01-01,70.9393,3025.2921874999997
MT,2005-04-01,69.8565,3063.7183384615387
MT,2005-07-01,76.008,3307.970303030303
MT,2005-10-01,71.9065,3433.0800923076913
MT,2006-01-01,76.0282,3729.413153846153
MT,2006-04-01,82.5502,3692.9221692307706
MT,2006-07-01,85.8318,3726.796338461538
MT,2006-10-01,91.9782,4032.4233692307703
MT,2007-01-01,97.8181,4150.5138
MT,2007-04-01,101.1998,4416.171692307692
MT,2007-07-01,102.0334,4317.561323076923
MT,2007-10-01,101.1668,4377.900212121213
MT,2008-01-01,110.0488,3809.3891692307698
MT,2008-04-01,104.0699,3705.592446153847
MT,2008-07-01,109.2451,3278.756969696969
MT,2008-10-01,105.2529,2497.6646363636364
MT,2009-01-01,102.7936,2166.4328750000004
MT,2009-04-01,99.838,2376.564630769231
MT,2009-07-01,101.5837,2660.5825606060607
MT,2009-10-01,97.5365,2872.7397692307686
MT,2010-01-01,101.9142,2848.9657460317458
MT,2010-04-01,100.0845,2735.6698888888886
MT,2010-07-01,103.3552,2715.9393787878794
MT,2010-10-01,94.7511,2817.7639848484837
MT,2011-01-01,96.327,2932.9304218750012
MT,2011-04-01,96.7954,2862.6709841269844
MT,2011-07-01,97.2207,2381.5675606060613
MT,2011-10-01,93.7423,2277.785109375
MT,2012-01-01,96.2313,2473.639892307692
MT,2012-04-01,93.3829,2226.1589365079367
MT,2012-07-01,100.1439,2400.9411076923084
MT,2012-10-01,96.6104,2543.327062499999
MT,2013-01-01,95.2254,2676.5842741935485
MT,2013-04-01,92.5132,2696.1122187499996
MT,2013-07-01,96.9794,2782.28146969697
MT,2013-10-01,94.8804,3017.5604843749998
MT,2014-01-01,95.7737,3090.848412698413
MT,2014-04-01,95.3306,3213.9506507936503
MT,2014-07-01,97.2678,3173.144727272728
MT,2014-10-01,99.6505,3102.474875
MT,2015-01-01,97.7045,3441.982174603174
MT,2015-04-01,97.4922,3621.1146190476197
MT,2015-07-01,104.2943,3386.5137121212115
MT,2015-10-01,106.6143,3332.9457692307687
MT,2016-01-01,102.3661,2973.939112903226
MT,2016-04-01,103.6299,2974.3690153846155
MT,2016-07-01,108.4392,2975.7976060606065
MT,2016-10-01,111.0507,3090.9747656249983
MT,2017-01-01,106.0508,3342.4348307692308
MT,2017-04-01,108.3142,3551.5675714285717
MT,2017-07-01,112.5235,3479.880061538461
MT,2017-10-01,115.0784,3594.989507936509
MT,2018-01-01,110.79,3473.9999841269832
MT,2018-04-01,113.8345,3481.3044375
MT,2018-07-01,117.3276,3422.939846153847
MT,2018-10-01,120.3047,3169.1323281250006
MT,2019-01-01,115.9062,3212.726603174604
MT,2019-04-01,118.7833,3415.2197460317457
MT,2019-07-01,122.3369,3459.1172727272724
MT,2019-10-01,125.5673,3649.074359375
MT,2020-01-01,120.9609,3429.8705781250005
MT,2020-04-01,122.524,3001.745603174604
MT,2020-07-01,125.124,3291.8463181818183
MT,2020-10-01,127.2461,3367.3397384615373
MT,2021-01-01,126.092,3696.7189841269847
MT,2021-04-01,127.5175,4034.1099999999983
MT,2021-07-01,129.8925,4132.639499999999
MT,2021-10-01,129.8328,4216.628727272727
MT,2022-01-01,129.2717,4035.977671875001
MT,2022-04-01,129.4702,3699.3059682539683
MT,2022-07-01,128.9473,3566.2048636363647
MT,2022-10-01,128.12,3731.4571718749994
MT,2023-01-01,129.63,4176.021769230769
MT,2023-04-01,129.0256,4332.23557142857
MT,2023-07-01,130.7226,4296.212799999999
MT,2023-10-01,131.949,4285.732126984125
MT,2024-01-01,135.039,4743.756365079365
MT,2024-04-01,135.9287,4986.99890625
MT,2024-07-01,137.9733,4860.355515151513
MT,2024-10-01,136.943,4888.720671875
NL,2000-01-01,84.0758,5049.023446153846
NL,2000-04-01,86.3389,5200.817430769231
NL,2000-07-01,89.4397,5170.315584615383
NL,2000-10-01,90.6847,4882.476461538462
NL,2001-01-01,91.9659,4487.398169230768
NL,2001-04-01,92.8529,4363.485938461537
NL,2001-07-01,94.654,3749.5165076923063
NL,2001-10-01,94.9561,3604.78306060606
NL,2002-01-01,95.3911,3660.2213593749993
NL,2002-04-01,95.7927,3445.095476923077
NL,2002-07-01,97.2004,2658.2127727272723
NL,2002-10-01,96.7852,2470.9460909090913
NL,2003-01-01,97.0961,2217.393828125
NL,2003-04-01,97.4102,2339.9810461538455
NL,2003-07-01,97.9998,2511.453151515152
NL,2003-10-01,98.7767,2614.337075757576
NL,2004-01-01,99.8503,2846.5095538461537
NL,2004-04-01,100.0611,2794.8779384615386
NL,2004-07-01,101.359,2708.6510606060606
NL,2004-10-01,101.4041,2869.6852575757584
NL,2005-01-01,102.0105,3025.2921874999997
NL,2005-04-01,102.3203,3063.7183384615387
NL,2005-07-01,103.4628,3307.970303030303
NL,2005-10-01,103.6306,3433.0800923076913
NL,2006-01-01,105.0726,3729.413153846153
NL,2006-04-01,105.3393,3692.9221692307706
NL,2006-07-01,106.4633,3726.796338461538
NL,2006-10-01,107.4425,4032.4233692307703
NL,2007-01-01,108.344,4150.5138
NL,2007-04-01,107.9331,4416.171692307692
NL,2007-07-01,110.4958,4317.561323076923
NL,2007-10-01,111.0264,4377.900212121213
NL,2008-01-01,110.1882,3809.3891692307698
NL,2008-04-01,108.8019,3705.592446153847
NL,2008-07-01,109.7195,3278.756969696969
NL,2008-10-01,107.8658,2497.6646363636364
NL,2009-01-01,106.2746,2166.4328750000004
NL,2009-04-01,102.0973,2376.564630769231
NL,2009-07-01,102.1051,2660.5825606060607
NL,2009-10-01,101.7482,2872.7397692307686
NL,2010-01-01,101.0173,2848.9657460317458
NL,2010-04-01,99.7254,2735.6698888888886
NL,2010-07-01,100.1241,2715.9393787878794
NL,2010-10-01,99.1462,2817.7639848484837
NL,2011-01-01,98.6827,2932.9304218750012
NL,2011-04-01,95.9673,2862.6709841269844
NL,2011-07-01,95.108,2381.5675606060613
NL,2011-10-01,93.3952,2277.785109375
NL,2012-01-01,91.1043,2473.639892307692
NL,2012-04-01,88.5668,2226.1589365079367
NL,2012-07-01,84.6921,2400.9411076923084
NL,2012-10-01,84.5512,2543.327062499999
NL,2013-01-01,81.6945,2676.5842741935485
NL,2013-04-01,79.2695,2696.1122187499996
NL,2013-07-01,79.3498,2782.28146969697
NL,2013-10-01,79.5661,3017.5604843749998
NL,2014-01-01,79.8018,3090.848412698413
NL,2014-04-01,79.4812,3213.9506507936503
NL,2014-07-01,79.6217,3173.144727272728
NL,2014-10-01,80.4611,3102.474875
NL,2015-01-01,81.6717,3441.982174603174
NL,2015-04-01,81.1561,3621.1146190476197
NL,2015-07-01,82.3786,3386.5137121212115
NL,2015-10-01,83.3732,3332.9457692307687
NL,2016-01-01,84.6849,2973.939112903226
NL,2016-04-01,85.1015,2974.3690153846155
NL,2016-07-01,86.9076,2975.7976060606065
NL,2016-10-01,88.1467,3090.9747656249983
NL,2017-01-01,89.6575,3342.4348307692308
NL,2017-04-01,90.5359,3551.5675714285717
NL,2017-07-01,92.6682,3479.880061538461
NL,2017-10-01,94.7678,3594.989507936509
NL,2018-01-01,96.6983,3473.9999841269832
NL,2018-04-01,97.598,3481.3044375
NL,2018-07-01,99.6708,3422.939846153847
NL,2018-10-01,101.1436,3169.1323281250006
NL,2019-01-01,102.1618,3212.726603174604
NL,2019-04-01,102.4538,3415.2197460317457
NL,2019-07-01,103.264,3459.1172727272724
NL,2019-10-01,104.9262,3649.074359375
NL,2020-01-01,107.4527,3429.8705781250005
NL,2020-04-01,109.1198,3001.745603174604
NL,2020-07-01,110.8138,3291.8463181818183
NL,2020-10-01,112.8746,3367.3397384615373
NL,2021-01-01,116.5342,3696.7189841269847
NL,2021-04-01,120.4402,4034.1099999999983
NL,2021-07-01,125.974,4132.639499999999
NL,2021-10-01,127.7343,4216.628727272727
NL,2022-01-01,129.0741,4035.977671875001
NL,2022-04-01,129.8429,3699.3059682539683
NL,2022-07-01,125.6931,3566.2048636363647
NL,2022-10-01,121.3334,3731.4571718749994
NL,2023-01-01,121.1937,4176.021769230769
NL,2023-04-01,117.9143,4332.23557142857
NL,2023-07-01,117.996,4296.212799999999
NL,2023-10-01,120.4761,4285.732126984125
NL,2024-01-01,121.8009,4743.756365079365
NL,2024-04-01,123.4109,4986.99890625
NL,2024-07-01,125.7962,4860.355515151513
NL,2024-10-01,128.4867,4888.720671875
PT,2000-01-01,118.7076,5049.023446153846
PT,2000-04-01,119.5799,5200.817430769231
PT,2000-07-01,120.508,5170.315584615383
PT,2000-10-01,122.1871,4882.476461538462
PT,2001-01-01,122.0037,4487.398169230768
PT,2001-04-01,121.7378,4363.485938461537
PT,2001-07-01,121.5652,3749.5165076923063
PT,2001-10-01,120.5884,3604.78306060606
PT,2002-01-01,120.052,3660.2213593749993
PT,2002-04-01,118.459,3445.095476923077
PT,2002-07-01,117.3813,2658.2127727272723
PT,2002-10-01,116.104,2470.9460909090913
PT,2003-01-01,116.1087,2217.393828125
PT,2003-04-01,115.4209,2339.9810461538455
PT,2003-07-01,115.7929,2511.453151515152
PT,2003-10-01,114.8392,2614.337075757576
PT,2004-01-01,114.8505,2846.5095538461537
PT,2004-04-01,113.2547,2794.8779384615386
PT,2004-07-01,113.5898,2708.6510606060606
PT,2004-10-01,112.6822,2869.6852575757584
PT,2005-01-01,112.6295,3025.2921874999997
PT,2005-04-01,113.0473,3063.7183384615387
PT,2005-07-01,114.7814,3307.970303030303
PT,2005-10-01,113.8377,3433.0800923076913
PT,2006-01-01,113.4216,3729.413153846153
PT,2006-04-01,112.212,3692.9221692307706
PT,2006-07-01,112.274,3726.796338461538
PT,2006-10-01,112.0193,4032.4233692307703
PT,2007-01-01,112.2447,4150.5138
PT,2007-04-01,109.8157,4416.171692307692
PT,2007-07-01,111.0735,4317.561323076923
PT,2007-10-01,108.0422,4377.900212121213
PT,2008-01-01,103.3859,3809.3891692307698
PT,2008-04-01,101.9253,3705.592446153847
PT,2008-07-01,99.3672,3278.756969696969
PT,2008-10-01,98.2116,2497.6646363636364
PT,2009-01-01,100.0276,2166.4328750000004
PT,2009-04-01,100.2976,2376.564630769231
PT,2009-07-01,101.0263,2660.5825606060607
PT,2009-10-01,101.1617,2872.7397692307686
PT,2010-01-01,101.6861,2848.9657460317458
PT,2010-04-01,100.725,2735.6698888888886
PT,2010-07-01,99.6734,2715.9393787878794
PT,2010-10-01,97.9586,2817.7639848484837
PT,2011-01-01,95.945,2932.9304218750012
PT,2011-04-01,92.6038,2862.6709841269844
PT,2011-07-01,91.332,2381.5675606060613
PT,2011-10-01,87.2035,2277.785109375
PT,2012-01-01,85.1988,2473.639892307692
PT,2012-04-01,82.6223,2226.1589365079367
PT,2012-07-01,81.938,2400.9411076923084
PT,2012-10-01,82.0815,2543.327062499999
PT,2013-01-01,81.1726,2676.5842741935485
PT,2013-04-01,80.0374,2696.1122187499996
PT,2013-07-01,80.8308,2782.28146969697
PT,2013-10-01,82.6428,3017.5604843749998
PT,2014-01-01,84.541,3090.848412698413
PT,2014-04-01,85.0492,3213.9506507936503
PT,2014-07-01,85.2614,3173.144727272728
PT,2014-10-01,84.5574,3102.474875
PT,2015-01-01,85.3079,3441.982174603174
PT,2015-04-01,86.9233,3621.1146190476197
PT,2015-07-01,87.5167,3386.5137121212115
PT,2015-10-01,88.302,3332.9457692307687
PT,2016-01-01,90.7366,2973.939112903226
PT,2016-04-01,91.9878,2974.3690153846155
PT,2016-07-01,93.5646,2975.7976060606065
PT,2016-10-01,94.27,3090.9747656249983
PT,2017-01-01,96.5625,3342.4348307692308
PT,2017-04-01,97.9715,3551.5675714285717
PT,2017-07-01,102.1503,3479.880061538461
PT,2017-10-01,102.6476,3594.989507936509
PT,2018-01-01,107.5537,3473.9999841269832
PT,2018-04-01,107.9185,3481.3044375
PT,2018-07-01,109.2675,3422.939846153847
PT,2018-10-01,111.2915,3169.1323281250006
PT,2019-01-01,116.5755,3212.726603174604
PT,2019-04-01,117.5135,3415.2197460317457
PT,2019-07-01,121.2252,3459.1172727272724
PT,2019-10-01,122.5313,3649.074359375
PT,2020-01-01,128.4041,3429.8705781250005
PT,2020-04-01,129.3041,3001.745603174604
PT,2020-07-01,129.6169,3291.8463181818183
PT,2020-10-01,132.5093,3367.3397384615373
PT,2021-01-01,136.3332,3696.7189841269847
PT,2021-04-01,138.3465,4034.1099999999983
PT,2021-07-01,142.4168,4132.639499999999
PT,2021-10-01,144.4167,4216.628727272727
PT,2022-01-01,147.6512,4035.977671875001
PT,2022-04-01,144.9951,3699.3059682539683
PT,2022-07-01,147.7046,3566.2048636363647
PT,2022-10-01,146.3205,3731.4571718749994
PT,2023-01-01,148.6117,4176.021769230769
PT,2023-04-01,151.0659,4332.23557142857
PT,2023-07-01,153.5731,4296.212799999999
PT,2023-10-01,155.1652,4285.732126984125
PT,2024-01-01,155.5623,4743.756365079365
PT,2024-04-01,158.609,4986.99890625
PT,2024-07-01,165.0546,4860.355515151513
PT,2024-10-01,168.7043,4888.720671875
PT,2025-01-01,176.9055,NA
SI,2007-01-01,110.137,4150.5138
SI,2007-04-01,109.6276,4416.171692307692
SI,2007-07-01,112.1823,4317.561323076923
SI,2007-10-01,115.1662,4377.900212121213
SI,2008-01-01,115.582,3809.3891692307698
SI,2008-04-01,112.3336,3705.592446153847
SI,2008-07-01,113.8827,3278.756969696969
SI,2008-10-01,111.234,2497.6646363636364
SI,2009-01-01,104.7894,2166.4328750000004
SI,2009-04-01,101.0682,2376.564630769231
SI,2009-07-01,99.7494,2660.5825606060607
SI,2009-10-01,101.0666,2872.7397692307686
SI,2010-01-01,101.665,2848.9657460317458
SI,2010-04-01,100.0224,2735.6698888888886
SI,2010-07-01,99.0568,2715.9393787878794
SI,2010-10-01,99.2863,2817.7639848484837
SI,2011-01-01,104.057,2932.9304218750012
SI,2011-04-01,101.4359,2862.6709841269844
SI,2011-07-01,99.8994,2381.5675606060613
SI,2011-10-01,98.1933,2277.785109375
SI,2012-01-01,94.342,2473.639892307692
SI,2012-04-01,93.3756,2226.1589365079367
SI,2012-07-01,91.2981,2400.9411076923084
SI,2012-10-01,87.2796,2543.327062499999
SI,2013-01-01,88.2269,2676.5842741935485
SI,2013-04-01,87.7037,2696.1122187499996
SI,2013-07-01,82.5803,2782.28146969697
SI,2013-10-01,82.5436,3017.5604843749998
SI,2014-01-01,81.9629,3090.848412698413
SI,2014-04-01,78.6246,3213.9506507936503
SI,2014-07-01,78.3409,3173.144727272728
SI,2014-10-01,78.9995,3102.474875
SI,2015-01-01,81.1308,3441.982174603174
SI,2015-04-01,81.9533,3621.1146190476197
SI,2015-07-01,79.5114,3386.5137121212115
SI,2015-10-01,79.4873,3332.9457692307687
SI,2016-01-01,82.3838,2973.939112903226
SI,2016-04-01,82.5403,2974.3690153846155
SI,2016-07-01,83.3332,2975.7976060606065
SI,2016-10-01,84.4828,3090.9747656249983
SI,2017-01-01,86.3389,3342.4348307692308
SI,2017-04-01,88.0959,3551.5675714285717
SI,2017-07-01,89.0816,3479.880061538461
SI,2017-10-01,91.6396,3594.989507936509
SI,2018-01-01,93.4178,3473.9999841269832
SI,2018-04-01,93.1618,3481.3044375
SI,2018-07-01,95.6131,3422.939846153847
SI,2018-10-01,97.3771,3169.1323281250006
SI,2019-01-01,99.1932,3212.726603174604
SI,2019-04-01,98.4513,3415.2197460317457
SI,2019-07-01,100.365,3459.1172727272724
SI,2019-10-01,100.5263,3649.074359375
SI,2020-01-01,102.3492,3429.8705781250005
SI,2020-04-01,104.5569,3001.745603174604
SI,2020-07-01,103.7354,3291.8463181818183
SI,2020-10-01,106.4747,3367.3397384615373
SI,2021-01-01,110.3742,3696.7189841269847
SI,2021-04-01,112.9715,4034.1099999999983
SI,2021-07-01,114.6325,4132.639499999999
SI,2021-10-01,118.3411,4216.628727272727
SI,2022-01-01,121.8437,4035.977671875001
SI,2022-04-01,120.3181,3699.3059682539683
SI,2022-07-01,119.308,3566.2048636363647
SI,2022-10-01,120.0008,3731.4571718749994
SI,2023-01-01,120.7959,4176.021769230769
SI,2023-04-01,119.548,4332.23557142857
SI,2023-07-01,118.2665,4296.212799999999
SI,2023-10-01,121.8441,4285.732126984125
SI,2024-01-01,124.165,4743.756365079365
SI,2024-04-01,124.579,4986.99890625
SI,2024-07-01,126.4198,4860.355515151513
SI,2024-10-01,130.6091,4888.720671875
SK,2006-01-01,82.1598,3729.413153846153
SK,2006-04-01,84.8408,3692.9221692307706
SK,2006-07-01,86.7919,3726.796338461538
SK,2006-10-01,91.3624,4032.4233692307703
SK,2007-01-01,97.3882,4150.5138
SK,2007-04-01,103.8402,4416.171692307692
SK,2007-07-01,112.3149,4317.561323076923
SK,2007-10-01,119.512,4377.900212121213
SK,2008-01-01,124.8626,3809.3891692307698
SK,2008-04-01,127.7819,3705.592446153847
SK,2008-07-01,120.8157,3278.756969696969
SK,2008-10-01,115.1511,2497.6646363636364
SK,2009-01-01,107.5304,2166.4328750000004
SK,2009-04-01,102.6798,2376.564630769231
SK,2009-07-01,107.3366,2660.5825606060607
SK,2009-10-01,101.8102,2872.7397692307686
SK,2010-01-01,101.2206,2848.9657460317458
SK,2010-04-01,100.1314,2735.6698888888886
SK,2010-07-01,99.4036,2715.9393787878794
SK,2010-10-01,99.2526,2817.7639848484837
SK,2011-01-01,96.9183,2932.9304218750012
SK,2011-04-01,94.4914,2862.6709841269844
SK,2011-07-01,94.8343,2381.5675606060613
SK,2011-10-01,92.7851,2277.785109375
SK,2012-01-01,90.4342,2473.639892307692
SK,2012-04-01,88.9704,2226.1589365079367
SK,2012-07-01,89.2593,2400.9411076923084
SK,2012-10-01,87.0081,2543.327062499999
SK,2013-01-01,88.5206,2676.5842741935485
SK,2013-04-01,88.5436,2696.1122187499996
SK,2013-07-01,88.2275,2782.28146969697
SK,2013-10-01,88.4142,3017.5604843749998
SK,2014-01-01,88.2042,3090.848412698413
SK,2014-04-01,89.5284,3213.9506507936503
SK,2014-07-01,89.5296,3173.144727272728
SK,2014-10-01,91.3638,3102.474875
SK,2015-01-01,93.1833,3441.982174603174
SK,2015-04-01,94.5621,3621.1146190476197
SK,2015-07-01,94.9441,3386.5137121212115
SK,2015-10-01,96.2355,3332.9457692307687
SK,2016-01-01,98.3903,2973.939112903226
SK,2016-04-01,100.8297,2974.3690153846155
SK,2016-07-01,102.7787,2975.7976060606065
SK,2016-10-01,104.2919,3090.9747656249983
SK,2017-01-01,100.9357,3342.4348307692308
SK,2017-04-01,106.3619,3551.5675714285717
SK,2017-07-01,108.6208,3479.880061538461
SK,2017-10-01,108.4696,3594.989507936509
SK,2018-01-01,110.4229,3473.9999841269832
SK,2018-04-01,110.8674,3481.3044375
SK,2018-07-01,110.3619,3422.939846153847
SK,2018-10-01,113.3551,3169.1323281250006
SK,2019-01-01,113.9714,3212.726603174604
SK,2019-04-01,117.0503,3415.2197460317457
SK,2019-07-01,119.7056,3459.1172727272724
SK,2019-10-01,122.2295,3649.074359375
SK,2020-01-01,125.4768,3429.8705781250005
SK,2020-04-01,125.9768,3001.745603174604
SK,2020-07-01,127.7852,3291.8463181818183
SK,2020-10-01,128.9483,3367.3397384615373
SK,2021-01-01,126.6944,3696.7189841269847
SK,2021-04-01,129.0599,4034.1099999999983
SK,2021-07-01,132.8882,4132.639499999999
SK,2021-10-01,135.3433,4216.628727272727
SK,2022-01-01,132.4013,4035.977671875001
SK,2022-04-01,133.7697,3699.3059682539683
SK,2022-07-01,133.647,3566.2048636363647
SK,2022-10-01,128.877,3731.4571718749994
SK,2023-01-01,123.5528,4176.021769230769
SK,2023-04-01,116.69970000000001,4332.23557142857
SK,2023-07-01,117.7202,4296.212799999999
SK,2023-10-01,119.4283,4285.732126984125
SK,2024-01-01,116.2024,4743.756365079365
SK,2024-04-01,118.8672,4986.99890625
SK,2024-07-01,121.7268,4860.355515151513
SK,2024-10-01,125.1272,4888.720671875
SK,2025-01-01,126.6184,NA
I9,2005-01-01,90.9971,3025.2921874999997
I9,2005-04-01,93.6178,3063.7183384615387
I9,2005-07-01,94.9561,3307.970303030303
I9,2005-10-01,93.5916,3433.0800923076913
I9,2006-01-01,94.3061,3729.413153846153
I9,2006-04-01,96.7634,3692.9221692307706
I9,2006-07-01,97.3767,3726.796338461538
I9,2006-10-01,96.1317,4032.4233692307703
I9,2007-01-01,97.3447,4150.5138
I9,2007-04-01,100.2313,4416.171692307692
I9,2007-07-01,101.27,4317.561323076923
I9,2007-10-01,99.5035,4377.900212121213
I9,2008-01-01,99.5793,3809.3891692307698
I9,2008-04-01,101.52,3705.592446153847
I9,2008-07-01,102.6049,3278.756969696969
I9,2008-10-01,101.3082,2497.6646363636364
I9,2009-01-01,101.2684,2166.4328750000004
I9,2009-04-01,101.8548,2376.564630769231
I9,2009-07-01,101.4754,2660.5825606060607
I9,2009-10-01,100.1913,2872.7397692307686
I9,2010-01-01,98.8179,2848.9657460317458
I9,2010-04-01,99.9587,2735.6698888888886
I9,2010-07-01,100.8718,2715.9393787878794
I9,2010-10-01,100.3425,2817.7639848484837
I9,2011-01-01,100.8657,2932.9304218750012
I9,2011-04-01,102.7014,2862.6709841269844
I9,2011-07-01,103.3862,2381.5675606060613
I9,2011-10-01,102.2768,2277.785109375
I9,2012-01-01,101.0428,2473.639892307692
I9,2012-04-01,101.9097,2226.1589365079367
I9,2012-07-01,101.6888,2400.9411076923084
I9,2012-10-01,100.9679,2543.327062499999
I9,2013-01-01,101.1349,2676.5842741935485
I9,2013-04-01,102.533,2696.1122187499996
I9,2013-07-01,103.9157,2782.28146969697
I9,2013-10-01,103.1217,3017.5604843749998
I9,2014-01-01,102.6296,3090.848412698413
I9,2014-04-01,103.1446,3213.9506507936503
I9,2014-07-01,103.1213,3173.144727272728
I9,2014-10-01,102.785,3102.474875
I9,2015-01-01,103.875,3441.982174603174
I9,2015-04-01,107.8755,3621.1146190476197
I9,2015-07-01,110.8657,3386.5137121212115
I9,2015-10-01,110.7715,3332.9457692307687
I9,2016-01-01,110.8209,2973.939112903226
I9,2016-04-01,113.3785,2974.3690153846155
I9,2016-07-01,114.4312,2975.7976060606065
I9,2016-10-01,113.5879,3090.9747656249983
I9,2017-01-01,113.3391,3342.4348307692308
I9,2017-04-01,114.8572,3551.5675714285717
I9,2017-07-01,115.9527,3479.880061538461
I9,2017-10-01,115.6889,3594.989507936509
I9,2018-01-01,116.6998,3473.9999841269832
I9,2018-04-01,119.3621,3481.3044375
I9,2018-07-01,120.5239,3422.939846153847
I9,2018-10-01,120.655,3169.1323281250006
I9,2019-01-01,122.2262,3212.726603174604
I9,2019-04-01,125.0465,3415.2197460317457
I9,2019-07-01,126.5091,3459.1172727272724
I9,2019-10-01,126.1846,3649.074359375
I9,2020-01-01,126.5326,3429.8705781250005
I9,2020-04-01,128.69,3001.745603174604
I9,2020-07-01,127.8991,3291.8463181818183
I9,2020-10-01,128.4474,3367.3397384615373
I9,2021-01-01,129.6716,3696.7189841269847
I9,2021-04-01,130.8693,4034.1099999999983
I9,2021-07-01,131.3621,4132.639499999999
I9,2021-10-01,130.3188,4216.628727272727
I9,2022-01-01,130.2439,4035.977671875001
I9,2022-04-01,131.1043,3699.3059682539683
I9,2022-07-01,132.4609,3566.2048636363647
I9,2022-10-01,133.2171,3731.4571718749994
I9,2023-01-01,135.3621,4176.021769230769
I9,2023-04-01,138.3224,4332.23557142857
I9,2023-07-01,139.7483,4296.212799999999
I9,2023-10-01,140.4219,4285.732126984125
I9,2024-01-01,141.9676,4743.756365079365
I9,2024-04-01,144.3732,4986.99890625
I9,2024-07-01,145.2581,4860.355515151513
I9,2024-10-01,146.0747,4888.720671875
