REF_AREA,TIME_PERIOD,GDP_PC,GDP_PC_Change
AT,2000-01-01,85.394,NA
AT,2000-04-01,89.566,0.048855891514626285
AT,2000-07-01,90.35,0.008753321572918204
AT,2000-10-01,93.096,0.03039291643608201
AT,2001-01-01,87.971,-0.05505070035232448
AT,2001-04-01,90.635,0.030282706801104925
AT,2001-07-01,90.406,-0.0025266177525238506
AT,2001-10-01,92.728,0.02568413600867186
AT,2002-01-01,88.638,-0.04410749719610031
AT,2002-04-01,91.966,0.037545973510232505
AT,2002-07-01,91.663,-0.003294695865863442
AT,2002-10-01,93.034,0.014956961914840331
AT,2003-01-01,88.134,-0.052668916740116575
AT,2003-04-01,92.22,0.046361222683640804
AT,2003-07-01,92.63,0.004445890262415925
AT,2003-10-01,94.837,0.02382597430638031
AT,2004-01-01,89.405,-0.057277223024768835
AT,2004-04-01,94.142,0.05298361389184044
AT,2004-07-01,94.69,0.005820993817849651
AT,2004-10-01,96.649,0.02068856267821315
AT,2005-01-01,91.061,-0.057817463191548735
AT,2005-04-01,96.225,0.05670923886186168
AT,2005-07-01,95.038,-0.012335671603013746
AT,2005-10-01,98.661,0.03812159346787606
AT,2006-01-01,94.457,-0.04261055533594842
AT,2006-04-01,97.803,0.035423526048890014
AT,2006-07-01,97.397,-0.004151201905871924
AT,2006-10-01,101.761,0.04480630820251127
AT,2007-01-01,97.668,-0.04022169593459173
AT,2007-04-01,101.688,0.041159847647131056
AT,2007-07-01,101.137,-0.005418535127055325
AT,2007-10-01,104.369,0.031956652857015724
AT,2008-01-01,100.231,-0.03964778813632405
AT,2008-04-01,104.292,0.0405164070996
AT,2008-07-01,102.11,-0.020922026617573756
AT,2008-10-01,102.819,0.006943492312212351
AT,2009-01-01,95.396,-0.07219482780419963
AT,2009-04-01,98.172,0.029099752610172294
AT,2009-07-01,98.338,0.0016909098317238807
AT,2009-10-01,101.914,0.036364375927922146
AT,2010-01-01,95.026,-0.06758639637341293
AT,2010-04-01,99.488,0.04695557005451143
AT,2010-07-01,100.582,0.010996301061434486
AT,2010-10-01,104.903,0.042959972957388126
AT,2011-01-01,99.476,-0.051733506191434055
AT,2011-04-01,102.432,0.029715710322087772
AT,2011-07-01,102.408,-2.3430178069354214e-4
AT,2011-10-01,106.047,0.03553433325521439
AT,2012-01-01,100.746,-0.04998726979546807
AT,2012-04-01,102.375,0.016169376451670586
AT,2012-07-01,102.448,7.130647130646475e-4
AT,2012-10-01,105.521,0.029995705138216536
AT,2013-01-01,99.04,-0.06141905402716042
AT,2013-04-01,101.327,0.02309168012924063
AT,2013-07-01,101.599,0.002684378299959592
AT,2013-10-01,105.622,0.03959684642565375
AT,2014-01-01,99.044,-0.06227869193917936
AT,2014-04-01,101.391,0.023696538911998792
AT,2014-07-01,101.293,-9.665552169324592e-4
AT,2014-10-01,105.729,0.0437937468531882
AT,2015-01-01,99.457,-0.059321472822026176
AT,2015-04-01,101.552,0.021064379581125645
AT,2015-07-01,101.742,0.0018709626595241622
AT,2015-10-01,105.914,0.04100568103634681
AT,2016-01-01,100.498,-0.05113582718054267
AT,2016-04-01,102.619,0.021104897609902636
AT,2016-07-01,101.988,-0.006148958769818457
AT,2016-10-01,106.959,0.04874102835627724
AT,2017-01-01,102.699,-0.039828345440776416
AT,2017-04-01,103.82,0.010915393528661381
AT,2017-07-01,103.595,-0.0021672124831438482
AT,2017-10-01,108.671,0.04899850378879297
AT,2018-01-01,104.162,-0.04149221043332628
AT,2018-04-01,105.967,0.017328776329179476
AT,2018-07-01,105.39,-0.0054450913963781005
AT,2018-10-01,111.6,0.05892399658411608
AT,2019-01-01,106.908,-0.04204301075268811
AT,2019-04-01,107.436,0.0049388259063868544
AT,2019-07-01,106.947,-0.004551546967496968
AT,2019-10-01,111.374,0.0413943355119825
AT,2020-01-01,103.51,-0.07060893924973505
AT,2020-04-01,92.368,-0.10764177374166757
AT,2020-07-01,102.153,0.1059349558288586
AT,2020-10-01,105.514,0.03290162795023142
AT,2021-01-01,97.634,-0.07468203271603764
AT,2021-04-01,104.693,0.07230063297621728
AT,2021-07-01,107.135,0.02332534171339065
AT,2021-10-01,111.773,0.04329117468614357
AT,2022-01-01,106.422,-0.04787381567999427
AT,2022-04-01,110.405,0.037426471970081414
AT,2022-07-01,108.655,-0.015850731398034508
AT,2022-10-01,113.023,0.04020063503750398
AT,2023-01-01,108.128,-0.04330976880811867
AT,2023-04-01,107.622,-0.004679638946433858
AT,2023-07-01,105.484,-0.01986582668971033
AT,2023-10-01,109.409,0.03720943460619631
AT,2024-01-01,105.466,-0.036039082708004024
AT,2024-04-01,105.486,1.896345741756607e-4
AT,2024-07-01,103.987,-0.014210416548167619
AT,2024-10-01,108.33,0.04176483598911406
BE,2000-01-01,88.291,NA
BE,2000-04-01,90.422,0.024136095411763377
BE,2000-07-01,88.071,-0.026000309659153738
BE,2000-10-01,92.097,0.04571311782539084
BE,2001-01-01,89.855,-0.024343898281159976
BE,2001-04-01,91.596,0.01937566078682321
BE,2001-07-01,88.47,-0.03412812786584572
BE,2001-10-01,91.665,0.03611393692777221
BE,2002-01-01,89.876,-0.019516718485790667
BE,2002-04-01,92.608,0.0303974364680226
BE,2002-07-01,89.914,-0.029090359364201825
BE,2002-10-01,93.711,0.042229241274996075
BE,2003-01-01,90.891,-0.030092518487690807
BE,2003-04-01,92.9,0.02210339857631669
BE,2003-07-01,90.18,-0.029278794402583408
BE,2003-10-01,94.387,0.04665114216012412
BE,2004-01-01,93.116,-0.013465837456429389
BE,2004-04-01,95.865,0.029522316250698004
BE,2004-07-01,93.421,-0.02549418453032899
BE,2004-10-01,97.462,0.04325579901735152
BE,2005-01-01,95.307,-0.022111181793929954
BE,2005-04-01,97.742,0.02554901528743956
BE,2005-07-01,94.581,-0.032340242679707816
BE,2005-10-01,98.921,0.04588659455916096
BE,2006-01-01,97.001,-0.019409427725154433
BE,2006-04-01,99.201,0.02268017855486014
BE,2006-07-01,96.406,-0.02817511920242727
BE,2006-10-01,101.203,0.049758313797896365
BE,2007-01-01,100.009,-0.011798069227196848
BE,2007-04-01,102.395,0.023857852793248563
BE,2007-07-01,99.33,-0.029933102202255948
BE,2007-10-01,103.563,0.04261552401087289
BE,2008-01-01,101.149,-0.023309483116557086
BE,2008-04-01,103.43,0.022550890270788698
BE,2008-07-01,98.863,-0.04415546746591904
BE,2008-10-01,100.489,0.016447002417486874
BE,2009-01-01,94.617,-0.05843425648578451
BE,2009-04-01,98.743,0.0436073855649618
BE,2009-07-01,94.748,-0.040458564151382784
BE,2009-10-01,104.898,0.1071262717946552
BE,2010-01-01,96.437,-0.08065930713645636
BE,2010-04-01,101.164,0.04901645633937186
BE,2010-07-01,96.14,-0.049661935075718644
BE,2010-10-01,106.259,0.10525275639692115
BE,2011-01-01,97.496,-0.0824683085668038
BE,2011-04-01,101.886,0.045027488307212614
BE,2011-07-01,96.658,-0.05131225094713694
BE,2011-10-01,106.433,0.10112975646092415
BE,2012-01-01,97.311,-0.08570650080332227
BE,2012-04-01,101.485,0.042893403623434065
BE,2012-07-01,96.356,-0.0505394885943736
BE,2012-10-01,105.688,0.09684918427498036
BE,2013-01-01,96.309,-0.08874233593217777
BE,2013-04-01,101.456,0.05344256507699183
BE,2013-07-01,96.327,-0.050553934710613514
BE,2013-10-01,106.093,0.1013838280025331
BE,2014-01-01,97.866,-0.07754517263155913
BE,2014-04-01,102.685,0.04924079864304255
BE,2014-07-01,97.572,-0.04979305643472756
BE,2014-10-01,107.314,0.09984421760341071
BE,2015-01-01,99.018,-0.07730585012207161
BE,2015-04-01,104.06,0.050920034741158186
BE,2015-07-01,98.177,-0.056534691524120655
BE,2015-10-01,107.788,0.09789461890259418
BE,2016-01-01,99.637,-0.07562066278249895
BE,2016-04-01,104.745,0.05126609592821948
BE,2016-07-01,98.826,-0.05650866389803819
BE,2016-10-01,108.632,0.09922490032987283
BE,2017-01-01,101.028,-0.06999779070623756
BE,2017-04-01,105.841,0.047640258146256366
BE,2017-07-01,99.473,-0.06016572027853096
BE,2017-10-01,109.943,0.10525469222804176
BE,2018-01-01,102.087,-0.07145520860809687
BE,2018-04-01,107.302,0.05108387943616722
BE,2018-07-01,101.024,-0.05850776313582231
BE,2018-10-01,111.775,0.10642025657269565
BE,2019-01-01,103.849,-0.07091031089241781
BE,2019-04-01,109.301,0.05249930187098574
BE,2019-07-01,103.344,-0.05450087373400068
BE,2019-10-01,113.671,0.099928394488311
BE,2020-01-01,102.793,-0.09569723148384372
BE,2020-04-01,95.816,-0.0678742715943693
BE,2020-07-01,100.14,0.045128162311096245
BE,2020-10-01,109.037,0.08884561613740768
BE,2021-01-01,102.84,-0.05683391876152134
BE,2021-04-01,109.053,0.06041423570595093
BE,2021-07-01,104.093,-0.045482471825626015
BE,2021-10-01,115.3,0.10766333951370402
BE,2022-01-01,107.452,-0.06806591500433651
BE,2022-04-01,113.783,0.05891933142240259
BE,2022-07-01,107.159,-0.05821607797298362
BE,2022-10-01,117.542,0.096893401394189893
BE,2023-01-01,109.211,-0.0708767929761277
BE,2023-04-01,114.249,0.046130884251586346
BE,2023-07-01,106.941,-0.06396554893259454
BE,2023-10-01,117.311,0.09696935693513249
BE,2024-01-01,109.277,-0.06848462633512634
BE,2024-04-01,114.646,0.0491320222919736
BE,2024-07-01,107.578,-0.06165064633742126
BE,2024-10-01,117.979,0.09668333674171295
CY,2000-01-01,79.991,NA
CY,2000-04-01,88.997,0.11258766611243766
CY,2000-07-01,88.348,-0.007292380642044124
CY,2000-10-01,85.701,-0.02996106306877355
CY,2001-01-01,81.514,-0.04885590599876312
CY,2001-04-01,89.758,0.1011360011777118
CY,2001-07-01,92.402,0.029456984335658166
CY,2001-10-01,89.014,-0.036665873033051286
CY,2002-01-01,84.044,-0.05583391376637382
CY,2002-04-01,92.28,0.09799628765884542
CY,2002-07-01,93.134,0.009254442999566528
CY,2002-10-01,92.248,-0.009513174565679513
CY,2003-01-01,86.916,-0.05780071112652857
CY,2003-04-01,91.451,0.05217681439550827
CY,2003-07-01,94.761,0.03619424609900387
CY,2003-10-01,93.556,-0.012716201812982117
CY,2004-01-01,90.22,-0.03565778784898883
CY,2004-04-01,94.97,0.05264908002660164
CY,2004-07-01,98.1,0.03295777613983358
CY,2004-10-01,96.736,-0.013904179408766464
CY,2005-01-01,93.246,-0.036077571948395726
CY,2005-04-01,98.264,0.05381464084250264
CY,2005-07-01,101.218,0.03006187413498339
CY,2005-10-01,100.019,-0.011845719140864254
CY,2006-01-01,96.089,-0.03929253441846056
CY,2006-04-01,101.976,0.06126611786989146
CY,2006-07-01,103.845,0.018327841845140032
CY,2006-10-01,102.59,-0.012085319466512548
CY,2007-01-01,99.685,-0.028316600058485242
CY,2007-04-01,104.327,0.04656668505793245
CY,2007-07-01,106.246,0.018394087820027386
CY,2007-10-01,105.872,-0.0035201325226361015
CY,2008-01-01,101.902,-0.03749811092640168
CY,2008-04-01,106.909,0.04913544385782423
CY,2008-07-01,107.402,0.004611398479080292
CY,2008-10-01,104.512,-0.02690825124299362
CY,2009-01-01,97.596,-0.06617421922841393
CY,2009-04-01,101.254,0.03748104430509448
CY,2009-07-01,101.426,0.0016986983230291844
CY,2009-10-01,100.946,-0.0047325143454341485
CY,2010-01-01,96.474,-0.04430091335961796
CY,2010-04-01,100.892,0.04579472189398172
CY,2010-07-01,101.652,0.00753280735836345
CY,2010-10-01,100.983,-0.006581277299020157
CY,2011-01-01,95.698,-0.05233554162581831
CY,2011-04-01,100.211,0.04715877029822991
CY,2011-07-01,98.211,-0.01995788885451697
CY,2011-10-01,97.457,-0.0076773477512702745
CY,2012-01-01,91.85,-0.05753306586494556
CY,2012-04-01,94.821,0.03234621665759394
CY,2012-07-01,94.664,-0.001655751363094636
CY,2012-10-01,91.516,-0.033254457872052695
CY,2013-01-01,84.652,-0.07500327811530229
CY,2013-04-01,87.526,0.033950763124320694
CY,2013-07-01,89.285,0.02009688549688093
CY,2013-10-01,87.137,-0.024057792462339658
CY,2014-01-01,81.842,-0.06076637937959766
CY,2014-04-01,87.047,0.06359815253781675
CY,2014-07-01,88.028,0.011269773800360825
CY,2014-10-01,85.947,-0.02364020538919438
CY,2015-01-01,82.534,-0.039710519273505725
CY,2015-04-01,89.959,0.0899629243705624
CY,2015-07-01,91.121,0.012916995520181326
CY,2015-10-01,90.229,-0.00978918141811433
CY,2016-01-01,87.809,-0.026820645247093527
CY,2016-04-01,95.226,0.08446742361261377
CY,2016-07-01,96.137,0.00956671497280156
CY,2016-10-01,95.924,-0.0022155881710475035
CY,2017-01-01,92.755,-0.033036570618406355
CY,2017-04-01,100.107,0.07926257344617546
CY,2017-07-01,100.707,0.005993586862057541
CY,2017-10-01,99.84,-0.008609133426673323
CY,2018-01-01,97.724,-0.021193910256410254
CY,2018-04-01,105.197,0.0764704678482256
CY,2018-07-01,105.289,8.745496544578148e-4
CY,2018-10-01,104.979,-0.0029442771799523433
CY,2019-01-01,101.528,-0.03287324131492959
CY,2019-04-01,109.048,0.07406823733354341
CY,2019-07-01,111.451,0.02203616755923989
CY,2019-10-01,109.66,-0.016069842352244457
CY,2020-01-01,103.138,-0.05947474010578143
CY,2020-04-01,95.918,-0.07000329655413134
CY,2020-07-01,105.243,0.09721845743239005
CY,2020-10-01,107.907,0.025312847410279084
CY,2021-01-01,106.061,-0.017107323899283544
CY,2021-04-01,111.477,0.0510649531873167
CY,2021-07-01,117.472,0.05377790934452838
CY,2021-10-01,117.377,-8.087033505856619e-4
CY,2022-01-01,114.974,-0.020472494611380353
CY,2022-04-01,118.713,0.03252039591559822
CY,2022-07-01,123.396,0.03944808066513362
CY,2022-10-01,119.896,-0.028363966417063763
CY,2023-01-01,116.231,-0.03056815907119509
CY,2023-04-01,119.021,0.02400392322185997
CY,2023-07-01,123.803,0.040177783752447016
CY,2023-10-01,120.575,-0.026073681574759856
CY,2024-01-01,118.361,-0.018362015343147405
CY,2024-04-01,121.335,0.025126519715108774
CY,2024-07-01,126.61,0.043474677545638156
CY,2024-10-01,121.914,-0.03709027722928677
DE,2000-01-01,88.807,NA
DE,2000-04-01,89.501,0.00781469929172253
DE,2000-07-01,90.938,0.01605568652864211
DE,2000-10-01,91.801,0.009489982185664953
DE,2001-01-01,90.81,-0.010795089378111345
DE,2001-04-01,90.743,-7.378042065852579e-4
DE,2001-07-01,92.125,0.015229824890074222
DE,2001-10-01,92.995,0.009443690637720537
DE,2002-01-01,89.054,-0.0423786225065864
DE,2002-04-01,90.65,0.017921710422889522
DE,2002-07-01,92.793,0.023640375068946503
DE,2002-10-01,93.065,0.0029312555904000446
DE,2003-01-01,88.778,-0.04606457852038889
DE,2003-04-01,89.614,0.009416747392371966
DE,2003-07-01,92.291,0.029872564554645393
DE,2003-10-01,93.054,0.008267328341875213
DE,2004-01-01,90.385,-0.028682270509596545
DE,2004-04-01,91.453,0.011816119931404523
DE,2004-07-01,92.622,0.012782522169857707
DE,2004-10-01,93.957,0.01441342229707838
DE,2005-01-01,90.084,-0.04122098406717957
DE,2005-04-01,92.755,0.029650104347053775
DE,2005-07-01,94.025,0.013691984259608757
DE,2005-10-01,95.352,0.014113267747939357
DE,2006-01-01,94.131,-0.012805184998741543
DE,2006-04-01,95.46,0.014118621920514957
DE,2006-07-01,97.559,0.021988267337104586
DE,2006-10-01,100.219,0.027265552127430547
DE,2007-01-01,98.152,-0.02062483161875486
DE,2007-04-01,98.529,0.0038409813350720854
DE,2007-07-01,100.413,0.019121273939652288
DE,2007-10-01,102.348,0.019270413193510822
DE,2008-01-01,100.2,-0.020987220072693127
DE,2008-04-01,101.626,0.014231536926147724
DE,2008-07-01,101.643,1.67280026764764e-4
DE,2008-10-01,100.75,-0.008785651741880904
DE,2009-01-01,93.829,-0.06869478908188592
DE,2009-04-01,94.172,0.0036555862260069225
DE,2009-07-01,96.569,0.025453425646689096
DE,2009-10-01,98.56,0.020617382389793822
DE,2010-01-01,96.607,-0.01981534090909094
DE,2010-04-01,98.842,0.02313496951566656
DE,2010-07-01,101.299,0.02485785394872633
DE,2010-10-01,103.252,0.019279558534634977
DE,2011-01-01,102.643,-0.005898190834075802
DE,2011-04-01,102.656,1.2665257250864872e-4
DE,2011-07-01,104.512,0.018079800498753063
DE,2011-10-01,105.289,0.007434552969993886
DE,2012-01-01,104.179,-0.010542411837893792
DE,2012-04-01,102.792,-0.013313623666957836
DE,2012-07-01,104.337,0.01503035255661921
DE,2012-10-01,104.957,0.005942283178546348
DE,2013-01-01,102.16,-0.026649008641634168
DE,2013-04-01,103.477,0.01289154267815199
DE,2013-07-01,105.342,0.018023328855687686
DE,2013-10-01,105.75,0.0038730990488124515
DE,2014-01-01,105.076,-0.006373522458628904
DE,2014-04-01,104.373,-0.006690395523240214
DE,2014-07-01,106.689,0.022189646747722
DE,2014-10-01,107.867,0.01104143819887722
DE,2015-01-01,105.645,-0.020599441905309393
DE,2015-04-01,105.264,-0.0036064177197217117
DE,2015-07-01,107.486,0.021108831129351045
DE,2015-10-01,108.904,0.013192415756470536
DE,2016-01-01,106.884,-0.01854844633805917
DE,2016-04-01,108.014,0.01057220912390999
DE,2016-07-01,108.657,0.0059529320273297975
DE,2016-10-01,110.027,0.012608483576759939
DE,2017-01-01,110.222,0.0017722922555372153
DE,2017-04-01,109.125,-0.00995264103355042
DE,2017-07-01,111.197,0.01898739977090495
DE,2017-10-01,113.143,0.017500472135039597
DE,2018-01-01,111.435,-0.015095940535428603
DE,2018-04-01,111.257,-0.001597343742989162
DE,2018-07-01,111.361,9.347726435190522e-4
DE,2018-10-01,113.246,0.01692693133143552
DE,2019-01-01,112.43,-0.0072055525139959765
DE,2019-04-01,111.071,-0.01208752112425517
DE,2019-07-01,113.405,0.021013585904511557
DE,2019-10-01,113.815,0.0036153608747409426
DE,2020-01-01,110.553,-0.028660545622281777
DE,2020-04-01,99.009,-0.1044205041925592
DE,2020-07-01,109.813,0.10912139300467637
DE,2020-10-01,112.509,0.024550827315527286
DE,2021-01-01,109.441,-0.027268929596743353
DE,2021-04-01,110.743,0.011896821118228018
DE,2021-07-01,112.625,0.016994302122933323
DE,2021-10-01,114.739,0.01877025527192013
DE,2022-01-01,113.493,-0.010859428790559525
DE,2022-04-01,110.85,-0.023287779863075262
DE,2022-07-01,113.002,0.01941362201172757
DE,2022-10-01,113.072,6.194580626892214e-4
DE,2023-01-01,112.476,-0.0052709777840668215
DE,2023-04-01,109.498,-0.026476759486468174
DE,2023-07-01,111.493,0.018219510858645732
DE,2023-10-01,111.949,0.00408994286636832
DE,2024-01-01,111.24,-0.006333241029397344
DE,2024-04-01,109.324,-0.01722402013664147
DE,2024-07-01,111.396,0.01895283743734224
DE,2024-10-01,111.364,-2.872634564975087e-4
EE,2000-01-01,62.324,NA
EE,2000-04-01,70.764,0.13542134651177712
EE,2000-07-01,67.619,-0.04444350234582551
EE,2000-10-01,71.899,0.06329581922240791
EE,2001-01-01,67.07,-0.06716366013435525
EE,2001-04-01,74.811,0.11541672879081578
EE,2001-07-01,72.367,-0.032668992527836845
EE,2001-10-01,76.171,0.05256539582959086
EE,2002-01-01,70.025,-0.0806868755825708
EE,2002-04-01,81.409,0.16257051053195287
EE,2002-07-01,79.098,-0.028387524720854044
EE,2002-10-01,82.088,0.03780120862727243
EE,2003-01-01,77.488,-0.056037423253094173
EE,2003-04-01,86.662,0.11839252529423919
EE,2003-07-01,85.006,-0.019108721238836005
EE,2003-10-01,89.241,0.049820012704985525
EE,2004-01-01,86.049,-0.035768312771035655
EE,2004-04-01,90.774,0.05491057420771879
EE,2004-07-01,91.337,0.006202216493709679
EE,2004-10-01,95.606,0.04673899952921588
EE,2005-01-01,90.368,-0.054787356442064304
EE,2005-04-01,101.324,0.12123760623229465
EE,2005-07-01,101.7,0.0037108681062729934
EE,2005-10-01,107.185,0.0539331366764995
EE,2006-01-01,100.624,-0.061211923310164736
EE,2006-04-01,111.147,0.10457743679440304
EE,2006-07-01,112.331,0.010652559223370828
EE,2006-10-01,118.25,0.05269248916149591
EE,2007-01-01,110.794,-0.06305285412262158
EE,2007-04-01,122.153,0.10252360236113878
EE,2007-07-01,120.595,-0.012754496410239674
EE,2007-10-01,125.066,0.03707450557651647
EE,2008-01-01,106.167,-0.1511122127516671
EE,2008-04-01,120.438,0.13442030009324932
EE,2008-07-01,118.379,-0.0170959331772364
EE,2008-10-01,110.619,-0.06555216719181615
EE,2009-01-01,93.488,-0.1548648966271617
EE,2009-04-01,99.456,0.06383706999828859
EE,2009-07-01,95.548,-0.03929375804375806
EE,2009-10-01,101.242,0.059593084104324553
EE,2010-01-01,92.023,-0.09105904664072231
EE,2010-04-01,101.472,0.10268085152624885
EE,2010-07-01,100.938,-0.005262535477767186
EE,2010-10-01,105.566,0.045849927678376826
EE,2011-01-01,100.643,-0.046634333023890286
EE,2011-04-01,110.029,0.09326033603926746
EE,2011-07-01,110.533,0.0045806105663052914
EE,2011-10-01,110.387,-0.0013208724996155066
EE,2012-01-01,104.14,-0.05659180881806734
EE,2012-04-01,114.411,0.09862684847320916
EE,2012-07-01,114.618,0.0018092665914990135
EE,2012-10-01,115.792,0.01024271929365376
EE,2013-01-01,108.989,-0.058751899958546336
EE,2013-04-01,116.93,0.07286056391011939
EE,2013-07-01,116.141,-0.006747626785256149
EE,2013-10-01,116.517,0.0032374441411731477
EE,2014-01-01,109.956,-0.0563093797471613
EE,2014-04-01,120.298,0.09405580413983775
EE,2014-07-01,119.982,-0.00262681008828079
EE,2014-10-01,125.163,0.04318147722158321
EE,2015-01-01,111.231,-0.11131085065075144
EE,2015-04-01,124.279,0.11730542744378818
EE,2015-07-01,123.486,-0.006380804480241973
EE,2015-10-01,126.064,0.020876860534797374
EE,2016-01-01,117.745,-0.06599029064602098
EE,2016-04-01,125.558,0.06635525924667716
EE,2016-07-01,125.496,-4.937956960130921e-4
EE,2016-10-01,130.275,0.03808089500860594
EE,2017-01-01,122.727,-0.057938975244674736
EE,2017-04-01,134.272,0.0940705794161023
EE,2017-07-01,130.86,-0.0254111058150618
EE,2017-10-01,139.457,0.06569616383921732
EE,2018-01-01,126.668,-0.09170568705765926
EE,2018-04-01,137.81,0.08796223197650548
EE,2018-07-01,136.295,-0.010993396705609278
EE,2018-10-01,144.587,0.060838622106460266
EE,2019-01-01,131.524,-0.0903469883184518
EE,2019-04-01,140.445,0.0678279249414555
EE,2019-07-01,142.338,0.013478585923315183
EE,2019-10-01,148.948,0.04643875844820086
EE,2020-01-01,129.868,-0.1280983967559149
EE,2020-04-01,129.523,-0.0026565435673144952
EE,2020-07-01,139.344,0.07582437096114203
EE,2020-10-01,146.602,0.05208692157538186
EE,2021-01-01,134.983,-0.07925539897136465
EE,2021-04-01,146.24,0.08339568686427183
EE,2021-07-01,147.97,0.011829868708971483
EE,2021-10-01,154.642,0.04509022099074134
EE,2022-01-01,140.136,-0.09380375318477516
EE,2022-04-01,145.698,0.039690015413598304
EE,2022-07-01,147.466,0.012134689563343359
EE,2022-10-01,150.13,0.018065181126496868
EE,2023-01-01,129.71,-0.13601545327382927
EE,2023-04-01,138.607,0.06859147328656226
EE,2023-07-01,139.814,0.008708073906801199
EE,2023-10-01,143.541,0.026656844092866266
EE,2024-01-01,126.728,-0.11713029726698297
EE,2024-04-01,137.263,0.08313079982324358
EE,2024-07-01,138.408,0.008341650699751438
EE,2024-10-01,144.311,0.04264926882839157
ES,2000-01-01,89.421,NA
ES,2000-04-01,94.535,0.05719014549155109
ES,2000-07-01,92.207,-0.024625799968265753
ES,2000-10-01,98.079,0.06368280065504789
ES,2001-01-01,92.862,-0.05319181476156975
ES,2001-04-01,97.622,0.05125885722900654
ES,2001-07-01,95.276,-0.024031468316568026
ES,2001-10-01,101.124,0.061379570930769546
ES,2002-01-01,94.233,-0.06814406075709022
ES,2002-04-01,99.21,0.05281589252172794
ES,2002-07-01,95.978,-0.03257736115310956
ES,2002-10-01,101.786,0.060513867761362056
ES,2003-01-01,95.849,-0.05832825732418994
ES,2003-04-01,99.825,0.04148191426097298
ES,2003-07-01,96.901,-0.02929125970448291
ES,2003-10-01,102.767,0.06053601098027884
ES,2004-01-01,96.793,-0.058131501357439545
ES,2004-04-01,101.535,0.04899114605395008
ES,2004-07-01,98.745,-0.027478209484414165
ES,2004-10-01,104.271,0.055962327206440794
ES,2005-01-01,98.05,-0.05966184269835336
ES,2005-04-01,103.355,0.05410504844467116
ES,2005-07-01,100.347,-0.029103575056843013
ES,2005-10-01,106.195,0.05827777611687444
ES,2006-01-01,101.033,-0.048608691557982885
ES,2006-04-01,105.631,0.04550988290954439
ES,2006-07-01,102.463,-0.029991195766394394
ES,2006-10-01,108.64,0.06028517611235282
ES,2007-01-01,102.666,-0.05498895434462448
ES,2007-04-01,107.261,0.044756784134961904
ES,2007-07-01,103.945,-0.0309152441241458
ES,2007-10-01,110.283,0.060974553850594145
ES,2008-01-01,102.963,-0.0663746905688094
ES,2008-04-01,107.337,0.04248127968299301
ES,2008-07-01,103.245,-0.03812292126666479
ES,2008-10-01,106.956,0.03594362923143976
ES,2009-01-01,97.068,-0.0924492314596657
ES,2009-04-01,101.527,0.04593686899905224
ES,2009-07-01,98.88,-0.02607188235641756
ES,2009-10-01,103.825,0.05001011326860849
ES,2010-01-01,96.617,-0.0694245124006742
ES,2010-04-01,101.321,0.04868708405353088
ES,2010-07-01,98.636,-0.02649993584745514
ES,2010-10-01,103.426,0.048562391013423155
ES,2011-01-01,96.536,-0.06661767834006924
ES,2011-04-01,100.551,0.041590701914311766
ES,2011-07-01,97.82,-0.027160346490835582
ES,2011-10-01,101.059,0.0331118380699244
ES,2012-01-01,94.312,-0.06676298004136198
ES,2012-04-01,97.282,0.031491220629400275
ES,2012-07-01,95.102,-0.022409078760716194
ES,2012-10-01,97.825,0.02863241572206682
ES,2013-01-01,91.745,-0.06215180168668539
ES,2013-04-01,96.335,0.05002997438552498
ES,2013-07-01,94.586,-0.0181553952353765
ES,2013-10-01,97.742,0.03336646015266536
ES,2014-01-01,92.88,-0.04974320148963607
ES,2014-04-01,97.533,0.050096899224806264
ES,2014-07-01,96.553,-0.010047881229942726
ES,2014-10-01,100.454,0.04040268039315191
ES,2015-01-01,96.286,-0.04149162800883979
ES,2015-04-01,101.78,0.05705917786594105
ES,2015-07-01,100.891,-0.008734525447042599
ES,2015-10-01,104.613,0.036891298530096775
ES,2016-01-01,99.741,-0.046571649794958564
ES,2016-04-01,104.943,0.052155081661503275
ES,2016-07-01,103.652,-0.012301916278360603
ES,2016-10-01,106.612,0.02855709489445446
ES,2017-01-01,101.865,-0.044525944546580126
ES,2017-04-01,108.101,0.06121827909488052
ES,2017-07-01,106.494,-0.014865727421577962
ES,2017-10-01,109.738,0.030461810055026572
ES,2018-01-01,104.151,-0.05091217262935358
ES,2018-04-01,110.368,0.0596921777035266
ES,2018-07-01,108.087,-0.020667222383299433
ES,2018-10-01,111.88,0.03509210173286327
ES,2019-01-01,106.346,-0.04946371111905606
ES,2019-04-01,111.523,0.04868072141876509
ES,2019-07-01,109.1,-0.021726460012732818
ES,2019-10-01,112.531,0.03144821264894603
ES,2020-01-01,101.111,-0.10148314686619687
ES,2020-04-01,86.775,-0.14178477119205624
ES,2020-07-01,99.02,0.14111207144914997
ES,2020-10-01,102.4,0.03413451827913563
ES,2021-01-01,97.539,-0.04747070312500004
ES,2021-04-01,103.691,0.06307220701463005
ES,2021-07-01,104.514,0.007937043716426626
ES,2021-10-01,109.555,0.04823277264289962
ES,2022-01-01,104.291,-0.04804892519738953
ES,2022-04-01,110.286,0.0574833878282882
ES,2022-07-01,109.563,-0.0065556824982318605
ES,2022-10-01,112.779,0.029352975000684484
ES,2023-01-01,107.548,-0.046382748561345596
ES,2023-04-01,111.341,0.03526797337003005
ES,2023-07-01,110.144,-0.010750756684419832
ES,2023-10-01,114.022,0.03520845438698431
ES,2024-01-01,109.409,-0.04045710476925505
ES,2024-04-01,114.046,0.04238225374512152
ES,2024-07-01,112.703,-0.011775950055240897
ES,2024-10-01,116.652,0.03503899630000974
FI,2000-01-01,81.813,NA
FI,2000-04-01,86.467,0.056885824991138284
FI,2000-07-01,86.434,-3.8164849017545714e-4
FI,2000-10-01,93.103,0.07715713723766107
FI,2001-01-01,85.111,-0.0858404133056936
FI,2001-04-01,89.33,0.04957056079707669
FI,2001-07-01,88.32,-0.0113063920295534
FI,2001-10-01,93.427,0.05782382246376827
FI,2002-01-01,85.16,-0.08848619778008508
FI,2002-04-01,91.24,0.07139502113668388
FI,2002-07-01,89.306,-0.021196843489697473
FI,2002-10-01,95.613,0.07062235460103466
FI,2003-01-01,85.955,-0.10101136874692773
FI,2003-04-01,92.321,0.07406200919085568
FI,2003-07-01,91.787,-0.005784166116051514
FI,2003-10-01,97.644,0.06381077930425876
FI,2004-01-01,89.677,-0.08159231493998606
FI,2004-04-01,95.376,0.06355029717764865
FI,2004-07-01,94.2,-0.012330145948666351
FI,2004-10-01,102.07,0.08354564755838631
FI,2005-01-01,93.049,-0.08838052317037315
FI,2005-04-01,98.136,0.054670120044277626
FI,2005-07-01,96.556,-0.01610010597538109
FI,2005-10-01,102.839,0.06507104685363935
FI,2006-01-01,96.87,-0.058042182440513755
FI,2006-04-01,101.337,0.04611334778569215
FI,2006-07-01,99.791,-0.015256026920078613
FI,2006-10-01,106.721,0.0694451403433176
FI,2007-01-01,100.555,-0.05777681993234693
FI,2007-04-01,106.719,0.06129978618666388
FI,2007-07-01,104.602,-0.019837142402008925
FI,2007-10-01,112.537,0.07585897019177455
FI,2008-01-01,103.155,-0.08336813670170704
FI,2008-04-01,108.441,0.051243274683728385
FI,2008-07-01,105.164,-0.03021919753598732
FI,2008-10-01,109.005,0.03652390551899884
FI,2009-01-01,93.535,-0.1419200954084675
FI,2009-04-01,97.878,0.04643181696691082
FI,2009-07-01,96.589,-0.013169455853205026
FI,2009-10-01,101.502,0.05086500533187006
FI,2010-01-01,93.743,-0.0764418435104727
FI,2010-04-01,101.265,0.08024065796912842
FI,2010-07-01,98.4,-0.028292104873352045
FI,2010-10-01,106.592,0.08325203252032513
FI,2011-01-01,98.318,-0.07762308616031223
FI,2011-04-01,102.692,0.044488293089769884
FI,2011-07-01,100.481,-0.02153040158921823
FI,2011-10-01,106.183,0.05674704670534741
FI,2012-01-01,97.941,-0.07762071141331478
FI,2012-04-01,100.595,0.02709794672302709
FI,2012-07-01,97.99,-0.02589591928028236
FI,2012-10-01,103.037,0.05150525563833056
FI,2013-01-01,94.341,-0.08439686714481218
FI,2013-04-01,99.665,0.056433576069789514
FI,2013-07-01,97.684,-0.01987658656499281
FI,2013-10-01,102.134,0.045555055075549765
FI,2014-01-01,93.502,-0.0845164196056162
FI,2014-04-01,98.425,0.0526512801865201
FI,2014-07-01,96.798,-0.016530353060706073
FI,2014-10-01,101.532,0.04890596913159357
FI,2015-01-01,92.755,-0.0864456526021353
FI,2015-04-01,98.898,0.06622823567462671
FI,2015-07-01,96.701,-0.022214807175069292
FI,2015-10-01,102.437,0.059316863320958466
FI,2016-01-01,95.083,-0.07179046633540614
FI,2016-04-01,100.908,0.06126226559952886
FI,2016-07-01,99.172,-0.01720378959051814
FI,2016-10-01,104.599,0.054723107328681554
FI,2017-01-01,98.015,-0.0629451524393159
FI,2017-04-01,103.964,0.060694791613528525
FI,2017-07-01,102.045,-0.018458312492785935
FI,2017-10-01,107.979,0.058150815816551495
FI,2018-01-01,100.326,-0.07087489234017731
FI,2018-04-01,105.393,0.05050535255068484
FI,2018-07-01,102.58,-0.02669057717305706
FI,2018-10-01,108.021,0.053041528563072746
FI,2019-01-01,100.8,-0.06684811286694257
FI,2019-04-01,106.461,0.0561607142857143
FI,2019-07-01,104.601,-0.017471186631724287
FI,2019-10-01,109.662,0.04838385866291916
FI,2020-01-01,100.603,-0.08260837847203234
FI,2020-04-01,98.712,-0.018796656163335004
FI,2020-07-01,101.794,0.031222141178377436
FI,2020-10-01,109.238,0.07312808220523806
FI,2021-01-01,98.066,-0.10227210311430086
FI,2021-04-01,105.729,0.07814125181000547
FI,2021-07-01,104.643,-0.010271543285191372
FI,2021-10-01,112.059,0.07086952782317017
FI,2022-01-01,100.841,-0.1001079788325793
FI,2022-04-01,107.243,0.06348608204995985
FI,2022-07-01,104.615,-0.02450509590369535
FI,2022-10-01,109.84,0.04994503656263451
FI,2023-01-01,101.25,-0.07820466132556449
FI,2023-04-01,106.262,0.04950123456790124
FI,2023-07-01,101.858,-0.04144473094803407
FI,2023-10-01,107.625,0.05661803687486497
FI,2024-01-01,98.691,-0.08301045296167245
FI,2024-04-01,104.508,0.058941544821716194
FI,2024-07-01,102.397,-0.02019941057143941
FI,2024-10-01,107.892,0.0536636815531704
FR,2000-01-01,92.44,NA
FR,2000-04-01,93.196,0.008178277801817398
FR,2000-07-01,91.054,-0.02298381904802777
FR,2000-10-01,96.653,0.06149098337250427
FR,2001-01-01,94.506,-0.022213485354826083
FR,2001-04-01,94.232,-0.0028992868177681935
FR,2001-07-01,92.014,-0.023537651753119997
FR,2001-10-01,96.96,0.053752689808072664
FR,2002-01-01,94.169,-0.028785066006600628
FR,2002-04-01,94.63,0.0048954539179559995
FR,2002-07-01,92.904,-0.018239458945366153
FR,2002-10-01,97.317,0.0475006458279514
FR,2003-01-01,94.744,-0.026439368250151498
FR,2003-04-01,94.213,-0.005604576543105694
FR,2003-07-01,93.009,-0.012779552715654884
FR,2003-10-01,98.078,0.05450010214065308
FR,2004-01-01,96.38,-0.01731275107567454
FR,2004-04-01,96.944,0.005851836480597709
FR,2004-07-01,94.894,-0.021146228750618883
FR,2004-10-01,99.918,0.05294328408540056
FR,2005-01-01,97.131,-0.027892872155167298
FR,2005-04-01,98.53,0.01440322862937683
FR,2005-07-01,96.062,-0.025048208667410976
FR,2005-10-01,100.838,0.0497178905290333
FR,2006-01-01,99.287,-0.015381106328963166
FR,2006-04-01,100.292,0.01012217107979892
FR,2006-07-01,97.87,-0.024149483508156155
FR,2006-10-01,103.036,0.052784305711658284
FR,2007-01-01,101.233,-0.0174987383050584
FR,2007-04-01,101.998,0.0075568243556942945
FR,2007-07-01,100.052,-0.01907880546677384
FR,2007-10-01,104.878,0.048234917842721714
FR,2008-01-01,102.01,-0.027346059230725177
FR,2008-04-01,102.605,0.0058327614939711675
FR,2008-07-01,99.839,-0.026957750596949517
FR,2008-10-01,103.055,0.03221186109636523
FR,2009-01-01,97.352,-0.05533938188346031
FR,2009-04-01,98.193,0.008638754211521016
FR,2009-07-01,96.793,-0.01425763547299697
FR,2009-10-01,101.69,0.05059250152387044
FR,2010-01-01,98.263,-0.03370046218900573
FR,2010-04-01,99.897,0.016628843002961444
FR,2010-07-01,98.561,-0.01337377498823787
FR,2010-10-01,103.278,0.04785868649871652
FR,2011-01-01,101.165,-0.02045934274482464
FR,2011-04-01,102.059,0.008837048386299522
FR,2011-07-01,100.124,-0.01895962139546735
FR,2011-10-01,104.476,0.043466102033478525
FR,2012-01-01,101.745,-0.026139974731038657
FR,2012-04-01,101.225,-0.005110816256327193
FR,2012-07-01,99.668,-0.015381575697703018
FR,2012-10-01,104.02,0.04366496769273979
FR,2013-01-01,99.869,-0.039905787348586776
FR,2013-04-01,101.97,0.021037559202555338
FR,2013-07-01,100.62,-0.013239187996469495
FR,2013-10-01,105.357,0.04707811568276679
FR,2014-01-01,100.973,-0.0416109038791917
FR,2014-04-01,102.168,0.011834846939280871
FR,2014-07-01,101.051,-0.010932973142275511
FR,2014-10-01,105.598,0.044997080682031815
FR,2015-01-01,101.777,-0.03618439743176952
FR,2015-04-01,102.818,0.01022824410230206
FR,2015-07-01,101.321,-0.014559707444221828
FR,2015-10-01,106.414,0.050265986320703546
FR,2016-01-01,102.463,-0.03712857330802345
FR,2016-04-01,104.103,0.01600577769536321
FR,2016-07-01,101.114,-0.02871194874307167
FR,2016-10-01,106.64,0.05465118579029606
FR,2017-01-01,103.87,-0.0259752438109527
FR,2017-04-01,104.895,0.009868104361220674
FR,2017-07-01,103.23,-0.0158730158730158
FR,2017-10-01,109.264,0.058452000387484174
FR,2018-01-01,105.359,-0.03573912725142775
FR,2018-04-01,105.805,0.004233145720821308
FR,2018-07-01,104.283,-0.01438495345210534
FR,2018-10-01,110.806,0.06255094310673835
FR,2019-01-01,106.99,-0.03443856830857537
FR,2019-04-01,108.201,0.011318814842508632
FR,2019-07-01,106.789,-0.013049786970545485
FR,2019-10-01,111.229,0.04157731601569448
FR,2020-01-01,101.27,-0.08953600230155807
FR,2020-04-01,89.234,-0.11885059741285674
FR,2020-07-01,101.796,0.14077593742295552
FR,2020-10-01,107.296,0.05402962788321741
FR,2021-01-01,102.596,-0.04380405606919179
FR,2021-04-01,104.954,0.022983352177472705
FR,2021-07-01,106.027,0.01022352649732271
FR,2021-10-01,111.988,0.05622152847859506
FR,2022-01-01,107.091,-0.04372789941779481
FR,2022-04-01,108.824,0.016182498996180857
FR,2022-07-01,107.151,-0.015373447033742573
FR,2022-10-01,112.124,0.04641113942007073
FR,2023-01-01,108.184,-0.035139666797474205
FR,2023-04-01,109.408,0.011314057531612843
FR,2023-07-01,107.373,-0.018600102369113743
FR,2023-10-01,112.951,0.05194974528047078
FR,2024-01-01,109.25,-0.0327664208373542
FR,2024-04-01,109.824,0.005254004576659021
FR,2024-07-01,108.833,-0.009023528554778552
FR,2024-10-01,113.569,0.04351621291336272
GR,2000-01-01,78.39,NA
GR,2000-04-01,80.179,0.022821788493430303
GR,2000-07-01,86.914,0.08399955100462714
GR,2000-10-01,88.688,0.02041098096969419
GR,2001-01-01,83.005,-0.06407856756269176
GR,2001-04-01,83.6,0.007168242876935111
GR,2001-07-01,90.263,0.079700956937799175
GR,2001-10-01,91.039,0.008597099586763083
GR,2002-01-01,85.145,-0.06474148441876565
GR,2002-04-01,88.918,0.04431264313817618
GR,2002-07-01,94.187,0.0592568433837917
GR,2002-10-01,94.626,0.00466094046949162
GR,2003-01-01,90.086,-0.047978356899795044
GR,2003-04-01,93.864,0.04193770397176038
GR,2003-07-01,98.751,0.05206468933776528
GR,2003-10-01,100.295,0.01563528470597763
GR,2004-01-01,96.027,-0.04255446433022584
GR,2004-04-01,98.462,0.025357451550084894
GR,2004-07-01,104.107,0.0573317625073632
GR,2004-10-01,104.001,-0.0010181832153456976
GR,2005-01-01,96.574,-0.0714127748771647
GR,2005-04-01,99.702,0.03238967009754178
GR,2005-07-01,104.702,0.05014944534713446
GR,2005-10-01,105.188,0.004641745143359288
GR,2006-01-01,102.508,-0.02547819142868014
GR,2006-04-01,106.322,0.037206852148125094
GR,2006-07-01,109.536,0.030228927221083113
GR,2006-10-01,112.675,0.02865724510663157
GR,2007-01-01,105.464,-0.0639982249833592
GR,2007-04-01,112.426,0.06601304710612155
GR,2007-07-01,114.106,0.014943162613630233
GR,2007-10-01,113.032,-0.00941230084307572
GR,2008-01-01,107.164,-0.05191450208790427
GR,2008-04-01,110.7,0.03299615542532942
GR,2008-07-01,113.352,0.023956639566395672
GR,2008-10-01,112.887,-0.004102265509210278
GR,2009-01-01,99.482,-0.11874706564972053
GR,2009-04-01,106.572,0.07126917432299314
GR,2009-07-01,108.942,0.022238486656907915
GR,2009-10-01,109.693,0.006893576398450596
GR,2010-01-01,99.888,-0.08938583136572063
GR,2010-04-01,100.599,0.007117972128784223
GR,2010-07-01,99.733,-0.008608435471525558
GR,2010-10-01,99.779,0.00046123148807307776
GR,2011-01-01,88.502,-0.11301977369987674
GR,2011-04-01,91.957,0.03903866579286342
GR,2011-07-01,92.677,0.007829746511956817
GR,2011-10-01,87.889,-0.051663303732317735
GR,2012-01-01,80.582,-0.08313895936920436
GR,2012-04-01,83.23,0.0328609366856123
GR,2012-07-01,85.237,0.02411390123753443
GR,2012-10-01,83.706,-0.017961683306545184
GR,2013-01-01,76.327,-0.08815377631233132
GR,2013-04-01,81.054,0.06193090256396824
GR,2013-07-01,85.274,0.052064056061391153
GR,2013-10-01,84.921,-0.004139597063583207
GR,2014-01-01,77.399,-0.0885764416339893
GR,2014-04-01,82.369,0.06421271592656234
GR,2014-07-01,86.892,0.05491143512729299
GR,2014-10-01,85.716,-0.013534042259356465
GR,2015-01-01,78.458,-0.08467497316720328
GR,2015-04-01,83.345,0.06228810318896735
GR,2015-07-01,85.254,0.022904793328934022
GR,2015-10-01,86.75,0.017547563750674396
GR,2016-01-01,78.122,-0.09945821325648416
GR,2016-04-01,83.331,0.0666777604260004
GR,2016-07-01,87.523,0.050305408551439355
GR,2016-10-01,86.099,-0.016270009026198743
GR,2017-01-01,78.957,-0.08295102149850765
GR,2017-04-01,84.793,0.07391364920146426
GR,2017-07-01,90.602,0.06850801363320082
GR,2017-10-01,86.336,-0.04708505331008151
GR,2018-01-01,80.536,-0.06717939214232761
GR,2018-04-01,86.611,0.07543210489718886
GR,2018-07-01,92.764,0.07104178453083317
GR,2018-10-01,88.513,-0.04582596696994514
GR,2019-01-01,81.68,-0.07719769977291469
GR,2019-04-01,89.193,0.091980901077375
GR,2019-07-01,96.072,0.0771248864821231
GR,2019-10-01,89.786,-0.06543009409609461
GR,2020-01-01,79.904,-0.11006170226984167
GR,2020-04-01,74.629,-0.06601672006407679
GR,2020-07-01,87.021,0.1660480510257406
GR,2020-10-01,83.074,-0.045356867882465186
GR,2021-01-01,78.486,-0.055227869128728534
GR,2021-04-01,86.152,0.09767347042784696
GR,2021-07-01,97.656,0.13353143281641755
GR,2021-10-01,92.395,-0.05387277791431156
GR,2022-01-01,85.309,-0.07669246171329616
GR,2022-04-01,92.705,0.0866965970765101
GR,2022-07-01,102.489,0.10553907556226748
GR,2022-10-01,96.7,-0.056484110489906245
GR,2023-01-01,87.071,-0.09957600827300936
GR,2023-04-01,96.201,0.10485695581766599
GR,2023-07-01,104.827,0.08966642758391291
GR,2023-10-01,99.024,-0.0553578753565398
GR,2024-01-01,88.505,-0.10622677330748106
GR,2024-04-01,98.691,0.11508954296367445
GR,2024-07-01,107.461,0.08886321954382867
GR,2024-10-01,101.893,-0.051814146527577425
HR,2000-01-01,67.145,NA
HR,2000-04-01,73.711,0.09778836845632591
HR,2000-07-01,82.991,0.1258970845599707
HR,2000-10-01,73.06,-0.11966357797833498
HR,2001-01-01,71.939,-0.015343553243909243
HR,2001-04-01,79.965,0.11156674404704
HR,2001-07-01,89.364,0.11753892327893455
HR,2001-10-01,76.781,-0.14080614117541737
HR,2002-01-01,75.238,-0.020096117529076286
HR,2002-04-01,83.795,0.11373242244610439
HR,2002-07-01,94.918,0.13274061698192022
HR,2002-10-01,82.184,-0.13415790471775646
HR,2003-01-01,79.977,-0.026854375547551757
HR,2003-04-01,89.261,0.11608337397001627
HR,2003-07-01,99.442,0.1140587714679423
HR,2003-10-01,86.162,-0.13354518211620833
HR,2004-01-01,83.785,-0.0275875676052089
HR,2004-04-01,92.411,0.10295398937757361
HR,2004-07-01,102.848,0.11294110008548763
HR,2004-10-01,90.359,-0.12143162725575611
HR,2005-01-01,84.833,-0.06115605529056316
HR,2005-04-01,97.216,0.1459691393679346
HR,2005-07-01,108.179,0.1127695029624754
HR,2005-10-01,94.859,-0.12312925798907373
HR,2006-01-01,90.319,-0.04786050875509959
HR,2006-04-01,101.201,0.12048406204674532
HR,2006-07-01,113.084,0.11741978834201254
HR,2006-10-01,99.927,-0.11634714017898196
HR,2007-01-01,96.017,-0.03912856385161178
HR,2007-04-01,106.984,0.11421935698886655
HR,2007-07-01,118.109,0.10398751215134974
HR,2007-10-01,103.877,-0.12049886122141412
HR,2008-01-01,99.157,-0.04543835497752148
HR,2008-04-01,109.985,0.10920056072692803
HR,2008-07-01,120.028,0.09131245169795887
HR,2008-10-01,104.364,-0.1305028826607125
HR,2009-01-01,90.737,-0.13057184469740532
HR,2009-04-01,101.354,0.11700849708498193
HR,2009-07-01,111.802,0.10308423939854379
HR,2009-10-01,100.535,-0.10077637251569747
HR,2010-01-01,89.116,-0.11358233451036949
HR,2010-04-01,98.837,0.10908254409982499
HR,2010-07-01,113.191,0.14522901342614605
HR,2010-10-01,98.856,-0.12664434451502335
HR,2011-01-01,87.301,-0.11688718944727677
HR,2011-04-01,100.605,0.15239229791182235
HR,2011-07-01,114.009,0.13323393469509465
HR,2011-10-01,98.91,-0.13243691287529935
HR,2012-01-01,86.348,-0.12700434738651298
HR,2012-04-01,97.826,0.13292722471858057
HR,2012-07-01,112.316,0.14812013166233937
HR,2012-10-01,96.585,-0.14006018732860864
HR,2013-01-01,85.547,-0.11428275612155094
HR,2013-04-01,98.817,0.15511940804470054
HR,2013-07-01,112.697,0.1404616614550129
HR,2013-10-01,96.895,-0.14021668722326244
HR,2014-01-01,85.055,-0.12219412766396605
HR,2014-04-01,98.53,0.15842690024102044
HR,2014-07-01,112.513,0.1419161676646707
HR,2014-10-01,97.35,-0.13476664918720513
HR,2015-01-01,87.002,-0.10629686697483308
HR,2015-04-01,100.742,0.157927403967725
HR,2015-07-01,117.951,0.17082249707172767
HR,2015-10-01,99.601,-0.15557307695568495
HR,2016-01-01,91.704,-0.07928635254666123
HR,2016-04-01,104.591,0.140528221233534
HR,2016-07-01,121.567,0.16230842041858287
HR,2016-10-01,105.074,-0.13567004203443364
HR,2017-01-01,94.814,-0.09764546890762706
HR,2017-04-01,109.097,0.15064231020735336
HR,2017-07-01,128.161,0.17474357681696112
HR,2017-10-01,109.193,-0.14800134206193774
HR,2018-01-01,97.58,-0.10635297134431694
HR,2018-04-01,114.279,0.1711313793810207
HR,2018-07-01,133.305,0.16648728112776634
HR,2018-10-01,113.239,-0.15052698698473427
HR,2019-01-01,104.755,-0.0749211843976016
HR,2019-04-01,120.887,0.15399742255739587
HR,2019-07-01,140.773,0.16450073208864474
HR,2019-10-01,118.526,-0.15803456628756934
HR,2020-01-01,104.301,-0.12001586149874285
HR,2020-04-01,102.821,-0.014189700961639908
HR,2020-07-01,126.413,0.22944729189562443
HR,2020-10-01,115.229,-0.08847191348991004
HR,2021-01-01,109.14,-0.05284260038705533
HR,2021-04-01,123.9,0.13523914238592638
HR,2021-07-01,147.493,0.19041969330104913
HR,2021-10-01,128.44,-0.1291790118853098
HR,2022-01-01,118.34,-0.07863593895982555
HR,2022-04-01,136.362,0.15229001183031934
HR,2022-07-01,159.032,0.1662486616506066
HR,2022-10-01,132.921,-0.16418708184516334
HR,2023-01-01,120.452,-0.09380760000300926
HR,2023-04-01,140.849,0.1693371633513764
HR,2023-07-01,160.996,0.1430397091921137
HR,2023-10-01,138.85,-0.13755621257671005
HR,2024-01-01,125.056,-0.09934461649261792
HR,2024-04-01,146.144,0.1686284544524054
HR,2024-07-01,167.799,0.14817577184147143
HR,2024-10-01,144.247,-0.14035840499645405
HU,2000-01-01,72.136,NA
HU,2000-04-01,78.735,0.09147998225573922
HU,2000-07-01,81.617,0.036603797548739506
HU,2000-10-01,85.824,0.05154563387529551
HU,2001-01-01,75.508,-0.12019947800149146
HU,2001-04-01,82.419,0.0915267256449648
HU,2001-07-01,85.15,0.033135563401642934
HU,2001-10-01,88.836,0.04328831473869633
HU,2002-01-01,79.102,-0.10957269575397356
HU,2002-04-01,86.491,0.09341103891178473
HU,2002-07-01,89.525,0.035078794325421214
HU,2002-10-01,93.544,0.04489248813180666
HU,2003-01-01,81.959,-0.12384546309757968
HU,2003-04-01,90.214,0.10072109225344374
HU,2003-07-01,93.619,0.03774358746979406
HU,2003-10-01,97.705,0.04364498659460151
HU,2004-01-01,85.893,-0.12089452945089808
HU,2004-04-01,95.226,0.10865844713771784
HU,2004-07-01,98.596,0.03538949446579721
HU,2004-10-01,102.615,0.0407623027303338
HU,2005-01-01,88.868,-0.13396676899088827
HU,2005-04-01,100.012,0.12539946887518574
HU,2005-07-01,103.078,0.03065632124145105
HU,2005-10-01,107.602,0.04388909369603602
HU,2006-01-01,93.419,-0.1318098176613818
HU,2006-04-01,103.819,0.1113263897065908
HU,2006-07-01,107.108,0.03168013562064749
HU,2006-10-01,111.6,0.04193897748067362
HU,2007-01-01,95.033,-0.14844982078853042
HU,2007-04-01,104.121,0.09562993907379536
HU,2007-07-01,107.257,0.030118804083710395
HU,2007-10-01,111.545,0.03997874264616758
HU,2008-01-01,96.976,-0.13061096418485815
HU,2008-04-01,107.046,0.10384012539184961
HU,2008-07-01,109.463,0.022579078153317146
HU,2008-10-01,109.346,-0.001068854316070181
HU,2009-01-01,90.106,-0.17595522469957756
HU,2009-04-01,98.541,0.0936119681264289
HU,2009-07-01,101.324,0.0282420515318497
HU,2009-10-01,104.969,0.035973708104693816
HU,2010-01-01,90.077,-0.1418704569920643
HU,2010-04-01,99.472,0.10429965473983366
HU,2010-07-01,103.22,0.03767894482869556
HU,2010-10-01,107.231,0.03885874830459209
HU,2011-01-01,92.966,-0.13303056019248166
HU,2011-04-01,101.312,0.08977475636254119
HU,2011-07-01,104.89,0.03531664560960205
HU,2011-10-01,109.749,0.04632472113642859
HU,2012-01-01,93.321,-0.14968701309351337
HU,2012-04-01,100.641,0.07843893657376161
HU,2012-07-01,104.25,0.03586013652487549
HU,2012-10-01,107.663,0.0327386091127098
HU,2013-01-01,93.074,-0.13550616274857658
HU,2013-04-01,102.597,0.10231643638395252
HU,2013-07-01,107.887,0.05156096182149582
HU,2013-10-01,112.272,0.04064437791392851
HU,2014-01-01,97.705,-0.129747399173436
HU,2014-04-01,107.971,0.10507138836292929
HU,2014-07-01,112.692,0.04372470385566485
HU,2014-10-01,117.193,0.039940723387640695
HU,2015-01-01,102.519,-0.12521225670475192
HU,2015-04-01,112.083,0.09329002428818066
HU,2015-07-01,116.546,0.03981870578053771
HU,2015-10-01,122.115,0.04778370772055659
HU,2016-01-01,104.294,-0.14593620767309504
HU,2016-04-01,116.235,0.11449364297083248
HU,2016-07-01,120.158,0.03375059147416873
HU,2016-10-01,125.27,0.0425439837547229
HU,2017-01-01,109.474,-0.12609563343178729
HU,2017-04-01,120.802,0.10347662458665986
HU,2017-07-01,125.487,0.03878247048889909
HU,2017-10-01,131.201,0.045534597209272665
HU,2018-01-01,115.534,-0.11941219960213709
HU,2018-04-01,127.893,0.10697283916422866
HU,2018-07-01,132.97,0.039697246917344955
HU,2018-10-01,138.923,0.044769496878995285
HU,2019-01-01,122.149,-0.12074314548346926
HU,2019-04-01,134.576,0.10173640390015466
HU,2019-07-01,140.247,0.04213975746046859
HU,2019-10-01,145.587,0.0380756807632247
HU,2020-01-01,124.998,-0.14142059387170547
HU,2020-04-01,117.509,-0.05991295860733775
HU,2020-07-01,134.805,0.14718872596992577
HU,2020-10-01,142.207,0.054908942546641346
HU,2021-01-01,123.023,-0.13490193872312894
HU,2021-04-01,139.267,0.13204035017842192
HU,2021-07-01,144.009,0.03404970308831231
HU,2021-10-01,153.348,0.06485011353457094
HU,2022-01-01,132.902,-0.13333072488718486
HU,2022-04-01,148.646,0.11846322854434095
HU,2022-07-01,150.234,0.010683099444317522
HU,2022-10-01,153.346,0.020714352277114333
HU,2023-01-01,131.267,-0.1439815841300067
HU,2023-04-01,145.043,0.10494640694157717
HU,2023-07-01,150.348,0.03657536041036111
HU,2023-10-01,154.199,0.02561390906430414
HU,2024-01-01,133.007,-0.1374327978780667
HU,2024-04-01,147.53,0.10918974189328377
HU,2024-07-01,149.605,0.0140649359452314
HU,2024-10-01,155.524,0.03956418568898106
IE,2000-01-01,87.073,NA
IE,2000-04-01,89.736,0.030583533357068336
IE,2000-07-01,92.509,0.030901756262815324
IE,2000-10-01,93.308,0.008636997481326212
IE,2001-01-01,92.334,-0.010438547605778751
IE,2001-04-01,93.988,0.017913228063335243
IE,2001-07-01,93.677,-0.003308933055283577
IE,2001-10-01,96.005,0.024851350918581813
IE,2002-01-01,95.653,-0.003666475704390289
IE,2002-04-01,97.086,0.01498123425297683
IE,2002-07-01,97.872,0.008095914961992474
IE,2002-10-01,100.672,0.02860879516102662
IE,2003-01-01,96.046,-0.04595120788302597
IE,2003-04-01,98.188,0.022301813714261872
IE,2003-07-01,97.18,-0.010266020287611475
IE,2003-10-01,105.07,0.08118954517390395
IE,2004-01-01,101.783,-0.0312839059674502
IE,2004-04-01,104.955,0.031164339820991687
IE,2004-07-01,102.182,-0.02642084702967935
IE,2004-10-01,107.18,0.04891272435458304
IE,2005-01-01,105.574,-0.0149841388318717
IE,2005-04-01,108.645,0.02908860136018336
IE,2005-07-01,105.492,-0.029021123843711093
IE,2005-10-01,110.471,0.047197891783263175
IE,2006-01-01,109.582,-0.008047360845832933
IE,2006-04-01,109.915,0.003038820244200805
IE,2006-07-01,109.824,-8.279124778238473e-4
IE,2006-10-01,110.729,0.00824045745920747
IE,2007-01-01,114.888,0.03756016942264453
IE,2007-04-01,112.658,-0.01941020820277143
IE,2007-07-01,109.107,-0.03152017610822136
IE,2007-10-01,113.079,0.03640463031702819
IE,2008-01-01,108.798,-0.037858488313479884
IE,2008-04-01,106.065,-0.025119947057850367
IE,2008-07-01,105.697,-0.003469570546363032
IE,2008-10-01,99.863,-0.05519551169853452
IE,2009-01-01,99.822,-4.1056247058466916e-4
IE,2009-04-01,99.883,6.110877361703115e-4
IE,2009-07-01,99.155,-0.007288527577265345
IE,2009-10-01,96.315,-0.028642025112198106
IE,2010-01-01,98.976,0.027628095312256674
IE,2010-04-01,100.333,0.013710394439055926
IE,2010-07-01,101.333,0.009966810520965185
IE,2010-10-01,99.359,-0.019480327237918583
IE,2011-01-01,100.692,0.01341599653780733
IE,2011-04-01,102.566,0.018611210423866938
IE,2011-07-01,101.858,-0.006902872296862492
IE,2011-10-01,99.815,-0.020057334720886
IE,2012-01-01,98.277,-0.015408505735610848
IE,2012-04-01,102.379,0.04173916582720274
IE,2012-07-01,100.839,-0.01504214731536747
IE,2012-10-01,100.158,-0.006753339481748107
IE,2013-01-01,97.233,-0.029203857904510844
IE,2013-04-01,101.173,0.040521222218794006
IE,2013-07-01,106.147,0.04916331432299135
IE,2013-10-01,103.879,-0.02136659538187608
IE,2014-01-01,106.462,0.024865468477748134
IE,2014-04-01,109.646,0.029907384794574565
IE,2014-07-01,113.803,0.037912919759954734
IE,2014-10-01,113.535,-0.0023549467061501077
IE,2015-01-01,135.577,0.19414277535561722
IE,2015-04-01,131.753,-0.02820537406787296
IE,2015-07-01,139.611,0.05964190568715707
IE,2015-10-01,140.567,0.006847597968641564
IE,2016-01-01,131.281,-0.06606102428023648
IE,2016-04-01,130.956,-0.0024756057616868933
IE,2016-07-01,135.253,0.03281254772595374
IE,2016-10-01,150.009,0.10909924363969747
IE,2017-01-01,139.74,-0.06845589264644107
IE,2017-04-01,140.298,0.003993130098754778
IE,2017-07-01,153.988,0.09757801251621546
IE,2017-10-01,159.927,0.038567940358988965
IE,2018-01-01,152.703,-0.04517060909039743
IE,2018-04-01,154.014,0.008585293019783547
IE,2018-07-01,161.065,0.045781552326411803
IE,2018-10-01,161.988,0.005730605656101585
IE,2019-01-01,155.891,-0.03763859051287755
IE,2019-04-01,158.074,0.014003374152452812
IE,2019-07-01,168.259,0.06443184837481163
IE,2019-10-01,169.014,0.004487129960358875
IE,2020-01-01,167.227,-0.010573088619877678
IE,2020-04-01,159.526,-0.04605117594646793
IE,2020-07-01,185.454,0.1625314995674686
IE,2020-10-01,176.389,-0.04888004572562467
IE,2021-01-01,187.885,0.06517413217377489
IE,2021-04-01,194.558,0.03551640631237194
IE,2021-07-01,208.413,0.07121269749894643
IE,2021-10-01,200.627,-0.037358514104206555
IE,2022-01-01,199.96,-0.0033245774496952134
IE,2022-04-01,205.988,0.030146029205841127
IE,2022-07-01,222.57,0.08049983494184124
IE,2022-10-01,213.28,-0.041739677404861356
IE,2023-01-01,195.206,-0.08474306076519135
IE,2023-04-01,194.281,-0.00473858385500437
IE,2023-07-01,200.798,0.03354419629299826
IE,2023-10-01,190.711,-0.0502345640892837
IE,2024-01-01,183.945,-0.03547776478546082
IE,2024-04-01,184.926,0.00533311587702843
IE,2024-07-01,203.663,0.1013216097249712
IE,2024-10-01,204.721,0.005194856208540544
IT,2000-01-01,97.946,NA
IT,2000-04-01,102.686,0.048394013027586724
IT,2000-07-01,101.003,-0.016389770757454833
IT,2000-10-01,106.908,0.058463609991782434
IT,2001-01-01,101.274,-0.052699517342013696
IT,2001-04-01,105.435,0.04108655726050123
IT,2001-07-01,102.329,-0.02945890833214785
IT,2001-10-01,107.426,0.0498099268047182
IT,2002-01-01,100.387,-0.06552417478077933
IT,2002-04-01,105.036,0.046310777291880434
IT,2002-07-01,103.026,-0.019136296127042204
IT,2002-10-01,108.326,0.05144332498592586
IT,2003-01-01,100.397,-0.07319572401824112
IT,2003-04-01,104.487,0.040738269071784905
IT,2003-07-01,102.397,-0.020002488347832643
IT,2003-10-01,107.516,0.04999169897555592
IT,2004-01-01,100.739,-0.06303247888686336
IT,2004-04-01,105.645,0.048700106215070545
IT,2004-07-01,103.562,-0.019716976667139934
IT,2004-10-01,107.843,0.04133755624649974
IT,2005-01-01,100.053,-0.07223463738953854
IT,2005-04-01,105.902,0.05845901672113784
IT,2005-07-01,104.357,-0.014588959604162354
IT,2005-10-01,108.217,0.03698841476853493
IT,2006-01-01,102.51,-0.05273663102839659
IT,2006-04-01,106.991,0.043712808506487115
IT,2006-07-01,105.154,-0.0171696684767878
IT,2006-10-01,109.708,0.04330791030298421
IT,2007-01-01,104.053,-0.051545921901775635
IT,2007-04-01,108.536,0.04308381305680763
IT,2007-07-01,106.225,-0.02129247438637878
IT,2007-10-01,109.139,0.02743233702047542
IT,2008-01-01,104.127,-0.045923088904974395
IT,2008-04-01,107.318,0.03064526971870891
IT,2008-07-01,104.595,-0.025373189958813984
IT,2008-10-01,104.295,-0.002868205937186263
IT,2009-01-01,95.934,-0.08016683445994538
IT,2009-04-01,99.24,0.034461192069547786
IT,2009-07-01,99.249,9.068923821040248e-5
IT,2009-10-01,101.301,0.020675271287368204
IT,2010-01-01,95.995,-0.05237855499945704
IT,2010-04-01,100.682,0.04882545965935723
IT,2010-07-01,100.254,-0.004251008124590267
IT,2010-10-01,103.069,0.028078680152412848
IT,2011-01-01,97.835,-0.050781515295578776
IT,2011-04-01,101.798,0.04050697603107281
IT,2011-07-01,100.612,-0.011650523585925136
IT,2011-10-01,101.154,0.005387031368027687
IT,2012-01-01,95.208,-0.058781659647665914
IT,2012-04-01,97.932,0.02861104108898416
IT,2012-07-01,96.828,-0.011273128293101327
IT,2012-10-01,97.824,0.01028628082785966
IT,2013-01-01,91.736,-0.06223421655217527
IT,2013-04-01,95.421,0.04016961716229182
IT,2013-07-01,95.755,0.003500277716645067
IT,2013-10-01,97.071,0.01374340765495277
IT,2014-01-01,91.809,-0.05420774484655562
IT,2014-04-01,95.377,0.03886329226982102
IT,2014-07-01,95.803,0.004466485630707634
IT,2014-10-01,96.934,0.011805475820172648
IT,2015-01-01,92.275,-0.04806363092413386
IT,2015-04-01,96.234,0.04290436196152792
IT,2015-07-01,96.689,0.004728058690275768
IT,2015-10-01,98.674,0.020529739680832503
IT,2016-01-01,93.603,-0.05139145063542586
IT,2016-04-01,97.625,0.042968708267897456
IT,2016-07-01,98.088,0.004742637644046032
IT,2016-10-01,100.04,0.01990049751243794
IT,2017-01-01,95.944,-0.04094362255097964
IT,2017-04-01,99.353,0.03553114316684724
IT,2017-07-01,99.296,-5.737119160970273e-4
IT,2017-10-01,101.752,0.024734128262971205
IT,2018-01-01,96.821,-0.04846096391225723
IT,2018-04-01,100.571,0.03873126697720536
IT,2018-07-01,100.232,-0.0033707530003678856
IT,2018-10-01,102.831,0.025929842764785736
IT,2019-01-01,97.507,-0.051774270404838986
IT,2019-04-01,101.45,0.040438122391212916
IT,2019-07-01,101.305,-0.0014292755051749238
IT,2019-10-01,102.91,0.015843245644341242
IT,2020-01-01,91.753,-0.10841512000777376
IT,2020-04-01,83.564,-0.08925048772247236
IT,2020-07-01,95.857,0.14710880283375624
IT,2020-10-01,98.048,0.022856964019320473
IT,2021-01-01,94.604,-0.035125652741514385
IT,2021-04-01,100.189,0.05903555875015849
IT,2021-07-01,103.209,0.030143029673916404
IT,2021-10-01,106.273,0.02968733346898035
IT,2022-01-01,101.936,-0.04080998936700751
IT,2022-04-01,106.819,0.047902605556427516
IT,2022-07-01,107.171,0.0032952939083871207
IT,2022-10-01,108.686,0.014136286868649173
IT,2023-01-01,104.536,-0.03818339068509288
IT,2023-04-01,107.011,0.023676054182291212
IT,2023-07-01,107.23,0.0020465185822019076
IT,2023-10-01,109.082,0.017271286020703065
IT,2024-01-01,104.878,-0.03853981408481687
IT,2024-04-01,107.84,0.028242338717366876
IT,2024-07-01,108.165,0.003013724035608335
IT,2024-10-01,110.206,0.018869320020339267
LT,2000-01-01,53.677,NA
LT,2000-04-01,57.705,0.07504145164595634
LT,2000-07-01,62.853,0.08921237327787893
LT,2000-10-01,60.394,-0.039123033109000414
LT,2001-01-01,57.768,-0.043481140510646714
LT,2001-04-01,61.212,0.05961778147071047
LT,2001-07-01,67.238,0.09844474939554329
LT,2001-10-01,65.691,-0.023007822957256268
LT,2002-01-01,60.943,-0.07227778538917058
LT,2002-04-01,66.599,0.09280803373644235
LT,2002-07-01,73.161,0.09853000795807741
LT,2002-10-01,70.301,-0.03909186588482934
LT,2003-01-01,68.11,-0.031165986259085964
LT,2003-04-01,73.416,0.07790339157245628
LT,2003-07-01,81.194,0.10594420834695442
LT,2003-10-01,79.323,-0.023043574648373148
LT,2004-01-01,73.736,-0.07043354386495707
LT,2004-04-01,79.727,0.08124932190517521
LT,2004-07-01,86.106,0.08001053595394271
LT,2004-10-01,85.746,-0.004180893317538841
LT,2005-01-01,79.074,-0.0778112098523546
LT,2005-04-01,86.782,0.09747831145509268
LT,2005-07-01,95.436,0.09972114032863971
LT,2005-10-01,94.93,-0.005301982480405719
LT,2006-01-01,86.423,-0.08961339934688722
LT,2006-04-01,95.492,0.10493734306839617
LT,2006-07-01,103.606,0.08497046873036473
LT,2006-10-01,103.201,-0.003909040016987444
LT,2007-01-01,96.017,-0.0696117285685216
LT,2007-04-01,107.815,0.12287407438266143
LT,2007-07-01,117.754,0.09218568844780417
LT,2007-10-01,115.357,-0.02035599639927311
LT,2008-01-01,103.873,-0.0995518260703728
LT,2008-04-01,114.776,0.10496471652883801
LT,2008-07-01,120.879,0.05317313724123518
LT,2008-10-01,113.407,-0.06181387999569824
LT,2009-01-01,90.371,-0.20312679111518692
LT,2009-04-01,97.815,0.08237155724734709
LT,2009-07-01,104.691,0.07029596687624602
LT,2009-10-01,97.157,-0.07196416119819284
LT,2010-01-01,90.276,-0.0708235124592155
LT,2010-04-01,99.949,0.10714918693783511
LT,2010-07-01,106.669,0.06723428948763868
LT,2010-10-01,103.106,-0.033402394322624214
LT,2011-01-01,98.2,-0.04758209997478315
LT,2011-04-01,107.92,0.09898167006109979
LT,2011-07-01,117.175,0.0857579688658265
LT,2011-10-01,111.715,-0.046596970343503255
LT,2012-01-01,103.703,-0.0717182115203867
LT,2012-04-01,112.188,0.08182019806562972
LT,2012-07-01,125.45,0.1182122865190573
LT,2012-10-01,118.654,-0.05417297728178562
LT,2013-01-01,108.796,-0.08308190200077528
LT,2013-04-01,118.364,0.0879444097209456
LT,2013-07-01,131.188,0.10834375316819289
LT,2013-10-01,124.771,-0.04891453486599375
LT,2014-01-01,115.063,-0.07780654158418221
LT,2014-04-01,124.6,0.08288502820194148
LT,2014-07-01,136.618,0.09645264847512039
LT,2014-10-01,129.16,-0.05459017113411116
LT,2015-01-01,118.704,-0.08095385568287398
LT,2015-04-01,128.917,0.08603753875185342
LT,2015-07-01,142.05,0.1018717469379524
LT,2015-10-01,134.756,-0.05134811686026054
LT,2016-01-01,123.002,-0.087224316542491645
LT,2016-04-01,132.916,0.08060031544202535
LT,2016-07-01,146.948,0.10557043546299927
LT,2016-10-01,141.895,-0.034386313525873076
LT,2017-01-01,130.814,-0.07809295605905787
LT,2017-04-01,141.078,0.07846254987998234
LT,2017-07-01,154.971,0.09847743801301408
LT,2017-10-01,149.977,-0.032225384104122706
LT,2018-01-01,138.311,-0.07778526040659565
LT,2018-04-01,149.946,0.0841220148795106
LT,2018-07-01,163.152,0.088071705814093
LT,2018-10-01,158.834,-0.026466117485534863
LT,2019-01-01,145.686,-0.08277824647115854
LT,2019-04-01,157.348,0.08004887223206077
LT,2019-07-01,171.135,0.08762106922236047
LT,2019-10-01,166.461,-0.027311771408536994
LT,2020-01-01,150.144,-0.09802296033305102
LT,2020-04-01,150.532,0.002584185848252379
LT,2020-07-01,173.733,0.15412669731352796
LT,2020-10-01,166.659,-0.04071765295021678
LT,2021-01-01,154.874,-0.07071325280962923
LT,2021-04-01,164.845,0.06438136807985849
LT,2021-07-01,184.652,0.12015529740058836
LT,2021-10-01,178.081,-0.0355858588046704
LT,2022-01-01,162.357,-0.08829689860232136
LT,2022-04-01,167.808,0.03357416064598381
LT,2022-07-01,186.672,0.11241418764302062
LT,2022-10-01,177.184,-0.050827119225164995
LT,2023-01-01,157.114,-0.11327207874300159
LT,2023-04-01,167.928,0.06882900314421371
LT,2023-07-01,186.219,0.10892168072030868
LT,2023-10-01,175.448,-0.05784049962678345
LT,2024-01-01,160.791,-0.08354042223336836
LT,2024-04-01,169.746,0.055693415676250614
LT,2024-07-01,189.706,0.11758745419626959
LT,2024-10-01,181.481,-0.043356562259496245
LU,2000-01-01,85.96,NA
LU,2000-04-01,86.99,0.011982317356910206
LU,2000-07-01,85.346,-0.018898723991263265
LU,2000-10-01,88.941,0.04212265366859605
LU,2001-01-01,87.723,-0.01369447161601515
LU,2001-04-01,88.312,0.006714316655837108
LU,2001-07-01,86.251,-0.02333771174925257
LU,2001-10-01,91.663,0.06274709858436414
LU,2002-01-01,88.483,-0.034692296782780324
LU,2002-04-01,92.829,0.04911677949436603
LU,2002-07-01,88.576,-0.04581542405929182
LU,2002-10-01,91.571,0.03381277095375728
LU,2003-01-01,88.748,-0.03082853741905181
LU,2003-04-01,92.838,0.04608554558975964
LU,2003-07-01,89.848,-0.03220663952260922
LU,2003-10-01,94.865,0.05583874988870087
LU,2004-01-01,93.002,-0.01963843356348495
LU,2004-04-01,95.733,0.029364959893335724
LU,2004-07-01,92.683,-0.03185944240752924
LU,2004-10-01,95.197,0.027124715427856192
LU,2005-01-01,91.536,-0.03845709423616292
LU,2005-04-01,94.709,0.034663957350113635
LU,2005-07-01,92.784,-0.020325417858915173
LU,2005-10-01,100.924,0.0877306432143473
LU,2006-01-01,98.107,-0.027912092267448844
LU,2006-04-01,100.979,0.029274159845882556
LU,2006-07-01,97.066,-0.03875063131938321
LU,2006-10-01,100.566,0.03605793995837883
LU,2007-01-01,104.007,0.034216335540838874
LU,2007-04-01,108.04,0.03877623621487016
LU,2007-07-01,103.086,-0.04585338763420962
LU,2007-10-01,106.776,0.03579535533438098
LU,2008-01-01,105.011,-0.016529931819884623
LU,2008-04-01,107.178,0.02063593337840799
LU,2008-07-01,101.25,-0.05530985836645578
LU,2008-10-01,99.93,-0.01303703703703697
LU,2009-01-01,95.59,-0.04343040128089666
LU,2009-04-01,98.983,0.0354953447013286
LU,2009-07-01,97.262,-0.017386824000080858
LU,2009-10-01,100.837,0.03675638995702333
LU,2010-01-01,99.975,-0.008548449477870314
LU,2010-04-01,102.099,0.021245311327832053
LU,2010-07-01,96.99,-0.05003966738165906
LU,2010-10-01,100.936,0.04068460666048059
LU,2011-01-01,99.289,-0.016317270349528467
LU,2011-04-01,99.546,0.002588403549235112
LU,2011-07-01,97.145,-0.02411950254153869
LU,2011-10-01,98.951,0.01859076638015335
LU,2012-01-01,97.674,-0.012905377409020494
LU,2012-04-01,98.482,0.008272416405594044
LU,2012-07-01,95.767,-0.027568489673239816
LU,2012-10-01,100.373,0.048095899422556924
LU,2013-01-01,96.752,-0.03607543861396998
LU,2013-04-01,99.797,0.031472217628576174
LU,2013-07-01,97.386,-0.024159042856999723
LU,2013-10-01,100.535,0.03233524325878464
LU,2014-01-01,97.449,-0.030695777589894054
LU,2014-04-01,97.334,-0.001180104464899536
LU,2014-07-01,96.958,-0.0038629872398134747
LU,2014-10-01,103.625,0.06876173188390851
LU,2015-01-01,97.883,-0.05541133896260559
LU,2015-04-01,100.24,0.024079768703452076
LU,2015-07-01,97.433,-0.028002793296089266
LU,2015-10-01,100.945,0.03604528239918699
LU,2016-01-01,99.222,-0.017068700777651186
LU,2016-04-01,101.82,0.026183709258027446
LU,2016-07-01,100.211,-0.015802396385778773
LU,2016-10-01,104.458,0.04238057698256678
LU,2017-01-01,97.756,-0.06415975798885674
LU,2017-04-01,100.64,0.02950202545112321
LU,2017-07-01,99.562,-0.010711446740858535
LU,2017-10-01,104.253,0.04711636969928289
LU,2018-01-01,98.436,-0.05579695548329538
LU,2018-04-01,100.307,0.019007273761631874
LU,2018-07-01,98.845,-0.014575253970311177
LU,2018-10-01,103.181,0.043866659922100246
LU,2019-01-01,97.671,-0.05340130450373606
LU,2019-04-01,101.472,0.03891636207267241
LU,2019-07-01,99.968,-0.014821822768842545
LU,2019-10-01,104.236,0.04269366197183099
LU,2020-01-01,97.989,-0.059931309720250195
LU,2020-04-01,93.768,-0.043076263662247836
LU,2020-07-01,99.73,0.06358245883457046
LU,2020-10-01,103.68,0.0396069387345834
LU,2021-01-01,101.877,-0.017390046296296407
LU,2021-04-01,103.779,0.018669572131099276
LU,2021-07-01,102.575,-0.011601576426830029
LU,2021-10-01,107.752,0.05047038752132579
LU,2022-01-01,100.532,-0.06700571683124211
LU,2022-04-01,101.38,0.008435125134285591
LU,2022-07-01,99.735,-0.016226080094693195
LU,2022-10-01,100.939,0.012071990775555156
LU,2023-01-01,96.987,-0.03915235934574345
LU,2023-04-01,98.39,0.01446585624877567
LU,2023-07-01,97.442,-0.009635125520886346
LU,2023-10-01,99.489,0.021007368485868632
LU,2024-01-01,95.952,-0.0355516690287369
LU,2024-04-01,98.436,0.025887943971986085
LU,2024-07-01,95.913,-0.02563086675606496
LU,2024-10-01,99.811,0.04064099757071524
LV,2000-01-01,54.049,NA
LV,2000-04-01,59.857,0.10745804732742512
LV,2000-07-01,61.312,0.024307933909150113
LV,2000-10-01,66.057,0.07739104906054288
LV,2001-01-01,56.54,-0.14407254340947973
LV,2001-04-01,66.715,0.1799610894941635
LV,2001-07-01,64.303,-0.03615378850333517
LV,2001-10-01,72.613,0.12923191763992353
LV,2002-01-01,60.122,-0.1720215388429069
LV,2002-04-01,71.409,0.18773493895745327
LV,2002-07-01,71.2,-0.002926801943732627
LV,2002-10-01,80.68,0.1331460674157304
LV,2003-01-01,66.427,-0.17666088249876052
LV,2003-04-01,77.384,0.1649479880169207
LV,2003-07-01,79.048,0.02150315310658536
LV,2003-10-01,87.434,0.10608744054245516
LV,2004-01-01,73.582,-0.1584280714596153
LV,2004-04-01,84.937,0.15431763202957252
LV,2004-07-01,86.052,0.013127376761599882
LV,2004-10-01,96.55,0.121996002417143
LV,2005-01-01,79.964,-0.17178663904712582
LV,2005-04-01,94.481,0.1815441948876994
LV,2005-07-01,98.95,0.047300515447550394
LV,2005-10-01,111.476,0.12658918645780692
LV,2006-01-01,90.662,-0.18671283504969674
LV,2006-04-01,107.746,0.18843616950872458
LV,2006-07-01,112.307,0.04233103781114851
LV,2006-10-01,127.437,0.13472000854799784
LV,2007-01-01,105.158,-0.17482363834679093
LV,2007-04-01,122.667,0.16650183533349816
LV,2007-07-01,125.978,0.02699177447887364
LV,2007-10-01,133.804,0.06212195780215599
LV,2008-01-01,109.773,-0.17959851723416345
LV,2008-04-01,122.424,0.11524691864119602
LV,2008-07-01,119.509,-0.023810690714239087
LV,2008-10-01,124.406,0.040975993439824665
LV,2009-01-01,96.102,-0.22751314245293636
LV,2009-04-01,102.723,0.06889554847974022
LV,2009-07-01,99.988,-0.026625001216864768
LV,2009-10-01,107.621,0.07633916069928387
LV,2010-01-01,88.49,-0.17776270430492191
LV,2010-04-01,99.884,0.12876031189964976
LV,2010-07-01,102.16,0.022786432261423212
LV,2010-10-01,109.465,0.0715054815974942
LV,2011-01-01,89.986,-0.17794728908783627
LV,2011-04-01,104.879,0.1655035227702087
LV,2011-07-01,109.59,0.044918429809590085
LV,2011-10-01,115.361,0.05265991422575053
LV,2012-01-01,101.213,-0.12264110054524502
LV,2012-04-01,113.693,0.1233043186151977
LV,2012-07-01,117.828,0.03636987325516967
LV,2012-10-01,123.25,0.04601622704280813
LV,2013-01-01,102.958,-0.16464097363083166
LV,2013-04-01,117.207,0.1383962392431865
LV,2013-07-01,122.59,0.045927291032105674
LV,2013-10-01,127.614,0.040982135573864105
LV,2014-01-01,106.852,-0.1626937483348222
LV,2014-04-01,120.977,0.1321921910680193
LV,2014-07-01,126.311,0.04409102556684331
LV,2014-10-01,130.52,0.03332251347863609
LV,2015-01-01,110.61,-0.15254367146797432
LV,2015-04-01,126.92,0.14745502214989606
LV,2015-07-01,133.179,0.04931452883706272
LV,2015-10-01,136.602,0.02570225035478568
LV,2016-01-01,115.778,-0.15244286320844494
LV,2016-04-01,131.856,0.13886921522223555
LV,2016-07-01,135.94,0.030973182866157044
LV,2016-10-01,141.467,0.04065764307782856
LV,2017-01-01,120.587,-0.1475962591982583
LV,2017-04-01,137.222,0.13795019363612998
LV,2017-07-01,142.593,0.039140954074419414
LV,2017-10-01,147.552,0.0347773032336791
LV,2018-01-01,123.929,-0.16009949034916499
LV,2018-04-01,145.219,0.1717919131115396
LV,2018-07-01,150.317,0.035105599129590576
LV,2018-10-01,156.534,0.04135926076225566
LV,2019-01-01,127.204,-0.18737143368213935
LV,2019-04-01,147.079,0.15624508663249595
LV,2019-07-01,153.62,0.04447269834578693
LV,2019-10-01,155.926,0.015011066267412988
LV,2020-01-01,126.658,-0.18770442389338526
LV,2020-04-01,134.457,0.061575265676072514
LV,2020-07-01,150.362,0.11829060591862084
LV,2020-10-01,155.768,0.035953232864686595
LV,2021-01-01,129.507,-0.16859046787530171
LV,2021-04-01,152.692,0.17902507200382992
LV,2021-07-01,162.712,0.065622298483221
LV,2021-10-01,166.929,0.025916957569202106
LV,2022-01-01,142.782,-0.14465431410959145
LV,2022-04-01,156.812,0.09826168564665014
LV,2022-07-01,159.806,0.01909292656174272
LV,2022-10-01,162.744,0.01838479155976614
LV,2023-01-01,151.159,-0.07118542004620759
LV,2023-04-01,157.452,0.04163165937853523
LV,2023-07-01,168.161,0.06801437898534159
LV,2023-10-01,164.925,-0.01924346310975785
LV,2024-01-01,152.208,-0.07710777626193732
LV,2024-04-01,159.394,0.047211710291180535
LV,2024-07-01,168.255,0.055591803957488924
LV,2024-10-01,166.048,-0.013116995037294545
MT,2000-01-01,76.856,NA
MT,2000-04-01,85.329,0.11024513375663578
MT,2000-07-01,87.772,0.028630360135475773
MT,2000-10-01,84.474,-0.03757462516520076
MT,2001-01-01,76.743,-0.09151928404005977
MT,2001-04-01,80.943,0.05472811852546816
MT,2001-07-01,87.437,0.08022929715972968
MT,2001-10-01,80.97,-0.07396182394180952
MT,2002-01-01,78.236,-0.033765592194639926
MT,2002-04-01,83.3,0.06472723554373937
MT,2002-07-01,88.829,0.06637454981992794
MT,2002-10-01,82.201,-0.07461527203953665
MT,2003-01-01,79.537,-0.03240836486174119
MT,2003-04-01,85.488,0.07482052378138468
MT,2003-07-01,91.773,0.0735190903986524
MT,2003-10-01,85.788,-0.06521525939001667
MT,2004-01-01,81.158,-0.05397025224973185
MT,2004-04-01,82.765,0.019800882229724724
MT,2004-07-01,90.982,0.09928109708209991
MT,2004-10-01,86.767,-0.0463278450682553
MT,2005-01-01,80.046,-0.07746032477785321
MT,2005-04-01,87.409,0.09198460884991129
MT,2005-07-01,94.127,0.07685707421432562
MT,2005-10-01,87.717,-0.06809948261391521
MT,2006-01-01,82.552,-0.058882542722619245
MT,2006-04-01,89.103,0.07935604225215606
MT,2006-07-01,95.736,0.07444193798188625
MT,2006-10-01,88.837,-0.07206275591209159
MT,2007-01-01,88.531,-0.003444510733140441
MT,2007-04-01,92.929,0.04967751409110928
MT,2007-07-01,100.017,0.07627328390491658
MT,2007-10-01,91.33,-0.08685523461011627
MT,2008-01-01,91.959,0.006887112668345614
MT,2008-04-01,95.795,0.04171424221664001
MT,2008-07-01,102.533,0.0703377002975103
MT,2008-10-01,96.404,-0.05977587703471082
MT,2009-01-01,89.484,-0.0717812538898801
MT,2009-04-01,93.111,0.04053238567788666
MT,2009-07-01,100.035,0.07436285723491308
MT,2009-10-01,95.795,-0.04238516519218269
MT,2010-01-01,95.758,-3.862414531030444e-4
MT,2010-04-01,97.369,0.01682365964201429
MT,2010-07-01,106.236,0.09106594501329997
MT,2010-10-01,100.637,-0.052703415038216836
MT,2011-01-01,96.954,-0.036596877887854436
MT,2011-04-01,98.518,0.0161313612641047
MT,2011-07-01,106.102,0.07698085629022111
MT,2011-10-01,100.628,-0.05159186443233873
MT,2012-01-01,98.98,-0.01637715148865123
MT,2012-04-01,102.488,0.03544150333400682
MT,2012-07-01,110.239,0.07562836624775589
MT,2012-10-01,103.613,-0.060105770190223104
MT,2013-01-01,102.951,-0.006389159661432505
MT,2013-04-01,108.342,0.05236471719555911
MT,2013-07-01,115.91,0.06985287330859684
MT,2013-10-01,108.54,-0.06358381502890165
MT,2014-01-01,109.403,0.007950985811682324
MT,2014-04-01,113.292,0.03554747127592475
MT,2014-07-01,120.51,0.06371147124245316
MT,2014-10-01,116.39,-0.034188034188034226
MT,2015-01-01,117.443,0.009047169000773238
MT,2015-04-01,122.043,0.03916793678635601
MT,2015-07-01,128.95,0.05659480674844097
MT,2015-10-01,123.49,-0.042341993020550556
MT,2016-01-01,120.612,-0.023305530812211518
MT,2016-04-01,123.458,0.023596325407090536
MT,2016-07-01,131.143,0.06224788997067831
MT,2016-10-01,125.325,-0.04436378609609356
MT,2017-01-01,133.335,0.06391382405745066
MT,2017-04-01,135.942,0.019552255596805033
MT,2017-07-01,143.608,0.05639169645878387
MT,2017-10-01,137.074,-0.045498858002339646
MT,2018-01-01,135.405,-0.012175904985628282
MT,2018-04-01,141.12,0.042206713193752105
MT,2018-07-01,150.15,0.06398809523809525
MT,2018-10-01,142.09,-0.053679653679653695
MT,2019-01-01,138.163,-0.027637412907312215
MT,2019-04-01,142.047,0.028111723109660227
MT,2019-07-01,147.567,0.038860377199096144
MT,2019-10-01,140.606,-0.04717179315158546
MT,2020-01-01,141.704,0.007809055090110047
MT,2020-04-01,125.777,-0.11239626263196527
MT,2020-07-01,135.557,0.07775666457301404
MT,2020-10-01,134.823,-0.005414696400775913
MT,2021-01-01,143.379,0.06346098217663146
MT,2021-04-01,147.187,0.026558980045892504
MT,2021-07-01,160.156,0.08811240123108693
MT,2021-10-01,155.304,-0.030295461924623516
MT,2022-01-01,145.708,-0.061788492247463064
MT,2022-04-01,153.175,0.051246328272984414
MT,2022-07-01,160.041,0.04482454708666548
MT,2022-10-01,156.396,-0.02277541380021376
MT,2023-01-01,150.183,-0.03972607995089385
MT,2023-04-01,156.049,0.03905901466877086
MT,2023-07-01,165.417,0.060032425712436444
MT,2023-10-01,159.902,-0.033339983193988613
MT,2024-01-01,156.477,-0.02141936936373518
MT,2024-04-01,163.115,0.04242156994318657
MT,2024-07-01,168.636,0.03384728565735822
MT,2024-10-01,160.664,-0.047273417301169435
NL,2000-01-01,90.839,NA
NL,2000-04-01,91.788,0.01044705467915761
NL,2000-07-01,88,-0.04126901119972106
NL,2000-10-01,93.611,0.06376136363636369
NL,2001-01-01,92.644,-0.01032998258751641
NL,2001-04-01,93.765,0.012100082034454417
NL,2001-07-01,89.286,-0.04776835706286993
NL,2001-10-01,94.221,0.05527182313016601
NL,2002-01-01,92.092,-0.02259581197397613
NL,2002-04-01,93.47,0.014963297571993226
NL,2002-07-01,89.312,-0.044484861452872594
NL,2002-10-01,93.6,0.048011465424578965
NL,2003-01-01,92.146,-0.015534188034187966
NL,2003-04-01,92.666,0.005643218370846223
NL,2003-07-01,88.66,-0.04323052683832258
NL,2003-10-01,93.624,0.05598917211820436
NL,2004-01-01,93.031,-0.006333846022387308
NL,2004-04-01,94.225,0.012834431533574704
NL,2004-07-01,90.409,-0.040498806049349835
NL,2004-10-01,95.515,0.05647667820681563
NL,2005-01-01,93.591,-0.020143432968643737
NL,2005-04-01,96.093,0.026733339744206278
NL,2005-07-01,92.555,-0.036818498746006435
NL,2005-10-01,97.632,0.054853870671492604
NL,2006-01-01,96.958,-0.006903474270730975
NL,2006-04-01,99.471,0.025918438911693778
NL,2006-07-01,95.504,-0.039880970333061885
NL,2006-10-01,100.75,0.054929636455017535
NL,2007-01-01,100.191,-0.005548387096774169
NL,2007-04-01,102.592,0.02396422832390131
NL,2007-07-01,99.402,-0.031094042420461612
NL,2007-10-01,104.85,0.05480775034707544
NL,2008-01-01,103.278,-0.014992846924177287
NL,2008-04-01,105.577,0.022260307132206204
NL,2008-07-01,101.302,-0.04049177377648533
NL,2008-10-01,103.93,0.02594223213756885
NL,2009-01-01,98.871,-0.04867699413066498
NL,2009-04-01,100.17,0.013138331765634075
NL,2009-07-01,96.912,-0.03252470799640606
NL,2009-10-01,100.888,0.04102691101205216
NL,2010-01-01,98.208,-0.026564110697010614
NL,2010-04-01,101.558,0.034111274030628955
NL,2010-07-01,98.026,-0.03477815632446494
NL,2010-10-01,102.208,0.04266215085793568
NL,2011-01-01,100.648,-0.015262993112085182
NL,2011-04-01,103.421,0.027551466497098904
NL,2011-07-01,99.132,-0.041471267924309385
NL,2011-10-01,102.017,0.029102610660533337
NL,2012-01-01,99.137,-0.0282305890194771
NL,2012-04-01,102.513,0.034053885027789874
NL,2012-07-01,97.661,-0.04733058246271208
NL,2012-10-01,100.467,0.028732042473454063
NL,2013-01-01,97.226,-0.03225934884091294
NL,2013-04-01,101.759,0.04662333120770166
NL,2013-07-01,97.782,-0.03908253815387341
NL,2013-10-01,101.702,0.040089177967315065
NL,2014-01-01,98.328,-0.03317535545023692
NL,2014-04-01,103.055,0.04807379383288589
NL,2014-07-01,98.73,-0.04196788122847026
NL,2014-10-01,103.325,0.04654107160943987
NL,2015-01-01,99.963,-0.03253810791192847
NL,2015-04-01,104.846,0.0488480737873014
NL,2015-07-01,100.889,-0.03774106785189714
NL,2015-10-01,104.48,0.035593573134831434
NL,2016-01-01,101.819,-0.025468989280245036
NL,2016-04-01,107.049,0.051365658668814304
NL,2016-07-01,102.708,-0.04055152313426569
NL,2016-10-01,106.314,0.03510924173384736
NL,2017-01-01,104.347,-0.018501796564892665
NL,2017-04-01,109.536,0.049728310349123665
NL,2017-07-01,104.856,-0.042725679228746774
NL,2017-10-01,108.245,0.03232051575494021
NL,2018-01-01,106.321,-0.017774493048177804
NL,2018-04-01,111.747,0.05103413248558612
NL,2018-07-01,106.434,-0.047544900534242554
NL,2018-10-01,109.601,0.029755529248172593
NL,2019-01-01,107.971,-0.014872127079132448
NL,2019-04-01,113.576,0.05191208750497809
NL,2019-07-01,108.255,-0.0468496865534972
NL,2019-10-01,111.378,0.028848552029929378
NL,2020-01-01,106.99,-0.0393973675232093
NL,2020-04-01,102.94,-0.03785400504720065
NL,2020-07-01,104.155,0.01180299203419471
NL,2020-10-01,107.645,0.0335077528683212
NL,2021-01-01,105.322,-0.021580194156718784
NL,2021-04-01,114.598,0.08807276732306636
NL,2021-07-01,110.815,-0.03301104731321665
NL,2021-10-01,115.108,0.0387402427469206
NL,2022-01-01,111.845,-0.028347291239531613
NL,2022-04-01,120.028,0.07316375340873536
NL,2022-07-01,113.697,-0.052746025927283655
NL,2022-10-01,118.163,0.039279840277228015
NL,2023-01-01,112.55,-0.04750217919314845
NL,2023-04-01,118.382,0.05181697023545098
NL,2023-07-01,111.927,-0.05452687063911742
NL,2023-10-01,116.657,0.04225968711749613
NL,2024-01-01,111.193,-0.0468381665909461
NL,2024-04-01,118.513,0.06583148219762042
NL,2024-07-01,113.097,-0.04569962788892367
NL,2024-10-01,118.184,0.044979088746827975
PT,2000-01-01,94.213,NA
PT,2000-04-01,94.991,0.00825788373154454
PT,2000-07-01,95.865,0.009200871661525778
PT,2000-10-01,97.121,0.013101757680070936
PT,2001-01-01,94.853,-0.023352313093975563
PT,2001-04-01,96.949,0.02209735063730197
PT,2001-07-01,96.621,-0.00338322210646838
PT,2001-10-01,98.459,0.01902277972697455
PT,2002-01-01,96.48,-0.02009973694634314
PT,2002-04-01,97.75,0.013163349917081218
PT,2002-07-01,96.971,-0.007969309462915564
PT,2002-10-01,96.543,-0.004413690691031311
PT,2003-01-01,94.223,-0.024030742777829642
PT,2003-04-01,94.604,0.0040435986967088736
PT,2003-07-01,96.368,0.018646146040336518
PT,2003-10-01,97.497,0.011715507222314512
PT,2004-01-01,95.929,-0.016082546129624477
PT,2004-04-01,97.252,0.013791449926508076
PT,2004-07-01,97.85,0.006148973800024668
PT,2004-10-01,97.581,-0.002749105774144009
PT,2005-01-01,96.68,-0.009233354853916196
PT,2005-04-01,98.201,0.015732312784443384
PT,2005-07-01,97.751,-0.004582438060712097
PT,2005-10-01,98.292,0.00553447023559858
PT,2006-01-01,97.184,-0.011272534896024132
PT,2006-04-01,99.829,0.027216414224563674
PT,2006-07-01,98.828,-0.010027146420378753
PT,2006-10-01,100.718,0.01912413486056584
PT,2007-01-01,99.282,-0.014257630215055968
PT,2007-04-01,101.339,0.02071876070183923
PT,2007-07-01,101.909,0.0056246854616683346
PT,2007-10-01,103.17,0.012373784454758615
PT,2008-01-01,100.87,-0.022293302316564866
PT,2008-04-01,102.113,0.012322791712104639
PT,2008-07-01,102.418,0.002986887076082446
PT,2008-10-01,101.012,-0.013728055615223944
PT,2009-01-01,96.379,-0.04586583772225078
PT,2009-04-01,98.103,0.01788771412859637
PT,2009-07-01,99.537,0.01461728999113189
PT,2009-10-01,99.328,-0.0020997217115243895
PT,2010-01-01,97.756,-0.015826353092783532
PT,2010-04-01,100.316,0.02618765088587915
PT,2010-07-01,101.438,0.0111846564855058
PT,2010-10-01,100.49,-0.009345610126382691
PT,2011-01-01,97.564,-0.02911732510697584
PT,2011-04-01,99.111,0.01585625845598798
PT,2011-07-01,99.344,0.002350899496523997
PT,2011-10-01,97.073,-0.022859961346432606
PT,2012-01-01,94.463,-0.026886981962028572
PT,2012-04-01,95.16,0.007378550331876002
PT,2012-07-01,95.46,0.0031525851197982046
PT,2012-10-01,93.629,-0.019180808715692322
PT,2013-01-01,91.547,-0.02223670016768317
PT,2013-04-01,94.462,0.031841567719313645
PT,2013-07-01,95.482,0.010797992843683131
PT,2013-10-01,95.56,8.169078988710224e-4
PT,2014-01-01,92.773,-0.02916492256174138
PT,2014-04-01,95.823,0.03287594450971724
PT,2014-07-01,96.868,0.010905523726036565
PT,2014-10-01,96.363,-0.005213279927323734
PT,2015-01-01,94.542,-0.018897294604775672
PT,2015-04-01,97.809,0.03455607031795388
PT,2015-07-01,98.92,0.011358872905356402
PT,2015-10-01,98.035,-0.008946623534169078
PT,2016-01-01,96.366,-0.01702453205487833
PT,2016-04-01,99.568,0.03322748687296347
PT,2016-07-01,101.154,0.015928812469869824
PT,2016-10-01,100.99,-0.0016212903098246384
PT,2017-01-01,99.768,-0.012100207941380278
PT,2017-04-01,103.161,0.03400890064950686
PT,2017-07-01,104.67,0.014627620903248324
PT,2017-10-01,104.325,-0.003296073373459433
PT,2018-01-01,102.575,-0.016774502755811167
PT,2018-04-01,106.527,0.03852790640994393
PT,2018-07-01,107.733,0.01132107353065423
PT,2018-10-01,107.45,-0.0026268645633185862
PT,2019-01-01,105.922,-0.014220567705909778
PT,2019-04-01,109.274,0.03164592813579808
PT,2019-07-01,110.282,0.009224518183648403
PT,2019-10-01,109.616,-0.006039063491775601
PT,2020-01-01,103.377,-0.05691687344913155
PT,2020-04-01,89.716,-0.13214738288013778
PT,2020-07-01,102.865,0.14656248606714523
PT,2020-10-01,102.267,-0.005813444806299509
PT,2021-01-01,97.396,-0.047630222848034996
PT,2021-04-01,103.748,0.06521828411844433
PT,2021-07-01,108.141,0.04234298492501061
PT,2021-10-01,110.143,0.018512867460075227
PT,2022-01-01,107.859,-0.02073667868135066
PT,2022-04-01,111.782,0.036371559165206443
PT,2022-07-01,113.425,0.014698251954697542
PT,2022-10-01,113.04,-0.003394313422966638
PT,2023-01-01,109.893,-0.027839702760084975
PT,2023-04-01,113.52,0.03300483197291907
PT,2023-07-01,114.602,0.009531360112755531
PT,2023-10-01,115.018,0.003629954102022624
PT,2024-01-01,110.316,-0.040880557825731606
PT,2024-04-01,114.26,0.035751840168243974
PT,2024-07-01,115.54,0.011202520567127613
PT,2024-10-01,117.136,0.013813397957417253
SI,2000-01-01,75.532,NA
SI,2000-04-01,80.231,0.06221204257798017
SI,2000-07-01,79.124,-0.013797659258889948
SI,2000-10-01,80.982,0.023482129316010365
SI,2001-01-01,77.673,-0.040860932058976035
SI,2001-04-01,81.999,0.05569502916071213
SI,2001-07-01,81.14,-0.010475737508993948
SI,2001-10-01,83.575,0.03000985950209517
SI,2002-01-01,79.632,-0.047179180376906944
SI,2002-04-01,83.94,0.05409885473176603
SI,2002-07-01,83.885,-6.552299261376294e-4
SI,2002-10-01,87.063,0.0378851999761578
SI,2003-01-01,81.878,-0.059554575422395305
SI,2003-04-01,86.852,0.06074891912357414
SI,2003-07-01,86.952,0.0011513839635240906
SI,2003-10-01,89.307,0.027083908363234935
SI,2004-01-01,85.122,-0.04686082837851459
SI,2004-04-01,91.315,0.0727543995676793
SI,2004-07-01,91.057,-0.002825384657504195
SI,2004-10-01,93.001,0.021349264746257868
SI,2005-01-01,87.343,-0.060838055504779526
SI,2005-04-01,95.636,0.09494750581042546
SI,2005-07-01,94.378,-0.0131540424108076
SI,2005-10-01,96.36,0.021000656932759747
SI,2006-01-01,92.091,-0.04430261519302621
SI,2006-04-01,100.237,0.08845598375519868
SI,2006-07-01,100.011,-0.0022546564641798845
SI,2006-10-01,102.067,0.020557738648748613
SI,2007-01-01,99.225,-0.02784445511281804
SI,2007-04-01,106.905,0.07739984882842033
SI,2007-07-01,107.11,0.0019175903839857658
SI,2007-10-01,107.012,-9.149472504901407e-4
SI,2008-01-01,104.696,-0.021642432624378597
SI,2008-04-01,113.267,0.08186559180866507
SI,2008-07-01,110.392,-0.02538250328868956
SI,2008-10-01,105.428,-0.044967026596130145
SI,2009-01-01,96.281,-0.08676063284895845
SI,2009-04-01,101.299,0.05211827878813058
SI,2009-07-01,100.1,-0.011836247149527756
SI,2009-10-01,99.302,-0.007972027972027848
SI,2010-01-01,94.563,-0.047723107288876396
SI,2010-04-01,102.437,0.08326723982953159
SI,2010-07-01,101.616,-0.008014682194910023
SI,2010-10-01,101.384,-0.0022831050228310436
SI,2011-01-01,97.51,-0.038211157579105134
SI,2011-04-01,102.261,0.04872320787611517
SI,2011-07-01,101.517,-0.007275500924105963
SI,2011-10-01,100.547,-0.009555049893121339
SI,2012-01-01,96.378,-0.04146319631615063
SI,2012-04-01,98.364,0.020606362447861588
SI,2012-07-01,98.504,0.001423284941645323
SI,2012-10-01,96.131,-0.024090392268334326
SI,2013-01-01,92.035,-0.042608523785251415
SI,2013-04-01,97.526,0.059662085076329655
SI,2013-07-01,97.45,-7.792793716546706e-4
SI,2013-10-01,98.634,0.012149820420728553
SI,2014-01-01,94.145,-0.04551168968104309
SI,2014-04-01,100.505,0.06755536672154655
SI,2014-07-01,100.795,0.0028854285856425676
SI,2014-10-01,100.422,-0.003700580385931888
SI,2015-01-01,96.126,-0.04277947063392476
SI,2015-04-01,102.6,0.06734910430060534
SI,2015-07-01,103.145,0.005311890838206644
SI,2015-10-01,103.174,2.811575936789042e-4
SI,2016-01-01,98.51,-0.045205187353403
SI,2016-04-01,106.137,0.07742361181605924
SI,2016-07-01,105.985,-0.001432111327812177
SI,2016-10-01,106.435,0.004245883851488445
SI,2017-01-01,103.608,-0.02656081176304785
SI,2017-04-01,110.548,0.06698324453710136
SI,2017-07-01,110.858,0.0028042117451243104
SI,2017-10-01,113.382,0.022767865196918587
SI,2018-01-01,107.741,-0.04975216524668823
SI,2018-04-01,114.743,0.0649891870318634
SI,2018-07-01,115.991,0.01087648048246956
SI,2018-10-01,117.74,0.015078756110387833
SI,2019-01-01,111.712,-0.05119755393239334
SI,2019-04-01,117.424,0.05113148095101693
SI,2019-07-01,118.83,0.011973702139255958
SI,2019-10-01,120.384,0.01307750568038376
SI,2020-01-01,109.788,-0.08801834130781502
SI,2020-04-01,103.895,-0.05367617590264875
SI,2020-07-01,116.409,0.12044852976562886
SI,2020-10-01,116.165,-0.002096057864941712
SI,2021-01-01,111.407,-0.04095898076012577
SI,2021-04-01,119.643,0.07392713204735793
SI,2021-07-01,123.135,0.029186830821694577
SI,2021-10-01,128.427,0.042977220124253764
SI,2022-01-01,117.375,-0.0860566703263332
SI,2022-04-01,125.207,0.06672630457933967
SI,2022-07-01,124.477,-0.005830344948764764
SI,2022-10-01,128.173,0.029692232299942944
SI,2023-01-01,118.695,-0.07394693110093396
SI,2023-04-01,127.265,0.07220186191499227
SI,2023-07-01,126.068,-0.00940557105252821
SI,2023-10-01,131.005,0.03916140495605545
SI,2024-01-01,121.128,-0.07539406892866682
SI,2024-04-01,128.054,0.05717918235255269
SI,2024-07-01,127.849,-0.0016008871257438134
SI,2024-10-01,132.674,0.037739833710079884
SK,2000-01-01,58.432,NA
SK,2000-04-01,64.164,0.09809693318729462
SK,2000-07-01,63.168,-0.015522723022255505
SK,2000-10-01,62.017,-0.018221251266463973
SK,2001-01-01,59.302,-0.04377831884805784
SK,2001-04-01,65.267,0.10058682675120563
SK,2001-07-01,64.846,-0.006450426708750093
SK,2001-10-01,66.619,0.02734170187829621
SK,2002-01-01,61.49,-0.0769900478842372
SK,2002-04-01,66.825,0.08676207513416817
SK,2002-07-01,69.905,0.04609053497942384
SK,2002-10-01,69.166,-0.010571489879121727
SK,2003-01-01,64.873,-0.06206806812595773
SK,2003-04-01,70.497,0.08669246065389291
SK,2003-07-01,72.418,0.02724938649871635
SK,2003-10-01,72.549,0.0018089425281007515
SK,2004-01-01,67.944,-0.0634743414795518
SK,2004-04-01,72.651,0.06927764040974911
SK,2004-07-01,78,0.07362596523103611
SK,2004-10-01,76.681,-0.016910256410256445
SK,2005-01-01,71.056,-0.07335585086266481
SK,2005-04-01,78.883,0.11015255573069127
SK,2005-07-01,83.445,0.057832486086989564
SK,2005-10-01,80.764,-0.032128947210737585
SK,2006-01-01,76.66,-0.050814719429448756
SK,2006-04-01,85.841,0.11976258805113485
SK,2006-07-01,90.461,0.053820435456250565
SK,2006-10-01,88.984,-0.016327478139750874
SK,2007-01-01,83.784,-0.05843747190506146
SK,2007-04-01,93.428,0.1151055094051369
SK,2007-07-01,100.348,0.0740677313011089
SK,2007-10-01,100.979,0.006288117351616378
SK,2008-01-01,91.201,-0.0968320145772884
SK,2008-04-01,99.168,0.0873564982840102
SK,2008-07-01,106.076,0.06965956760245227
SK,2008-10-01,101.711,-0.04114974169463399
SK,2009-01-01,85.705,-0.15736744304942435
SK,2009-04-01,92.94,0.08441747856017735
SK,2009-07-01,99.511,0.07070152786744134
SK,2009-10-01,97.25,-0.022721106209363746
SK,2010-01-01,91.985,-0.0541388174807198
SK,2010-04-01,99.195,0.07838234494754573
SK,2010-07-01,105.77,0.066283582841877145
SK,2010-10-01,103.05,-0.025716176609624646
SK,2011-01-01,94.813,-0.07993207180980103
SK,2011-04-01,102.642,0.08257306487506981
SK,2011-07-01,108.555,0.057607996726486345
SK,2011-10-01,106.66,-0.01745658882594086
SK,2012-01-01,96.929,-0.09123382711419459
SK,2012-04-01,104.517,0.07828410486025847
SK,2012-07-01,110.251,0.054861888496608294
SK,2012-10-01,106.826,-0.03106547786414646
SK,2013-01-01,97.095,-0.09109205624098998
SK,2013-04-01,104.876,0.08013800916628051
SK,2013-07-01,110.908,0.05751554216407945
SK,2013-10-01,108.06,-0.025678941104338722
SK,2014-01-01,99.522,-0.07901166018878397
SK,2014-04-01,107.535,0.0805148610357508
SK,2014-07-01,113.729,0.05759985121123358
SK,2014-10-01,111.108,-0.023046012890291793
SK,2015-01-01,103.987,-0.06409079454224727
SK,2015-04-01,112.844,0.08517410830199929
SK,2015-07-01,119.537,0.059311970507958
SK,2015-10-01,117.569,-0.01646352175477052
SK,2016-01-01,106.625,-0.09308576240335464
SK,2016-04-01,115.472,0.08297303634232117
SK,2016-07-01,120.702,0.04529236524871834
SK,2016-10-01,119.254,-0.011996487216450377
SK,2017-01-01,108.508,-0.090110184983313
SK,2017-04-01,118.939,0.09613116083606736
SK,2017-07-01,123.953,0.04215606319205652
SK,2017-10-01,123.271,-0.005502085467878971
SK,2018-01-01,112.475,-0.08757939823640602
SK,2018-04-01,123.935,0.10188930873527458
SK,2018-07-01,129.499,0.04489450114979621
SK,2018-10-01,127.355,-0.016556112402412306
SK,2019-01-01,116.456,-0.08557967885045739
SK,2019-04-01,126.582,0.08695129490966537
SK,2019-07-01,131.143,0.03603197927035445
SK,2019-10-01,129.641,-0.011453146565199893
SK,2020-01-01,114.697,-0.11527217469781928
SK,2020-04-01,115.166,0.004089034586780771
SK,2020-07-01,130.702,0.1349009256204088
SK,2020-10-01,129.576,-0.008615017367752635
SK,2021-01-01,117.995,-0.08937611903438901
SK,2021-04-01,130.307,0.10434340438154145
SK,2021-07-01,136.478,0.04735739446077357
SK,2021-10-01,135.344,-0.008309031492255268
SK,2022-01-01,120.199,-0.11190004728691333
SK,2022-04-01,129.896,0.08067454804116497
SK,2022-07-01,136.135,0.048030732278130234
SK,2022-10-01,134.599,-0.011282917691996925
SK,2023-01-01,119.788,-0.11003796462083666
SK,2023-04-01,132.07,0.10253113834440843
SK,2023-07-01,138.717,0.05032937078821852
SK,2023-10-01,137.443,-0.009184166324242888
SK,2024-01-01,123.71,-0.0999177840995905
SK,2024-04-01,134.629,0.08826287284778916
SK,2024-07-01,140.382,0.04273224936677844
SK,2024-10-01,139.903,-0.0034121183627531548
I9,2000-01-01,90.424,NA
I9,2000-04-01,92.593,0.023986994603202656
I9,2000-07-01,92.068,-0.005669975052109832
I9,2000-10-01,95.768,0.040187687361515435
I9,2001-01-01,92.958,-0.029341742544482522
I9,2001-04-01,94.502,0.016609651670646926
I9,2001-07-01,93.502,-0.010581786628854416
I9,2001-10-01,96.85,0.03580672071185642
I9,2002-01-01,92.518,-0.044728962312854864
I9,2002-04-01,95.012,0.026956916491925893
I9,2002-07-01,94.428,-0.006146592009430421
I9,2002-10-01,97.439,0.03188672851272923
I9,2003-01-01,92.898,-0.046603516045936405
I9,2003-04-01,94.723,0.019645202264849653
I9,2003-07-01,94.481,-0.0025548177317019564
I9,2003-10-01,98.006,0.03730908859982437
I9,2004-01-01,94.48,-0.0359773891394404
I9,2004-04-01,96.891,0.02551862828111771
I9,2004-07-01,96.019,-0.008999803903355315
I9,2004-10-01,99.46,0.035836657328236994
I9,2005-01-01,94.943,-0.04541524230846568
I9,2005-04-01,98.381,0.03621120040445323
I9,2005-07-01,97.405,-0.00992061475284861
I9,2005-10-01,100.836,0.03522406447307631
I9,2006-01-01,98.102,-0.027113332539965833
I9,2006-04-01,100.704,0.026523414405414666
I9,2006-07-01,99.908,-0.007904353352399035
I9,2006-10-01,104.033,0.041287984946150456
I9,2007-01-01,100.956,-0.029577153403247028
I9,2007-04-01,103.339,0.02360434248583537
I9,2007-07-01,102.419,-0.008902737591809498
I9,2007-10-01,105.936,0.03433933156933782
I9,2008-01-01,102.156,-0.03568192115994564
I9,2008-04-01,104.418,0.022142605426994012
I9,2008-07-01,102.489,-0.01847382635177845
I9,2008-10-01,103.296,0.007874015748031517
I9,2009-01-01,95.883,-0.0717646375464685
I9,2009-04-01,97.995,0.022026845217609056
I9,2009-07-01,97.835,-0.0016327363641003194
I9,2009-10-01,101.036,0.032718352327899096
I9,2010-01-01,96.871,-0.04122293044063508
I9,2010-04-01,100.116,0.033498157343270996
I9,2010-07-01,99.834,-0.002816732590195338
I9,2010-10-01,103.179,0.03350561932808461
I9,2011-01-01,99.701,-0.03370840965700393
I9,2011-04-01,101.895,0.022005797334028774
I9,2011-07-01,101.109,-0.007713823053142955
I9,2011-10-01,103.196,0.020641090308479004
I9,2012-01-01,99.269,-0.03805380053490438
I9,2012-04-01,100.415,0.011544389487151082
I9,2012-07-01,99.707,-0.007050739431359982
I9,2012-10-01,101.823,0.02122218099030158
I9,2013-01-01,97.081,-0.04657101047896831
I9,2013-04-01,100.15,0.03161277695944626
I9,2013-07-01,100.121,-2.8956565152282146e-4
I9,2013-10-01,102.522,0.02398098301055733
I9,2014-01-01,98.716,-0.0371237392949807
I9,2014-04-01,101.012,0.02325864094979544
I9,2014-07-01,101.227,0.002128459984952317
I9,2014-10-01,103.949,0.026890058976360005
I9,2015-01-01,100.395,-0.0341898430961337
I9,2015-04-01,102.838,0.024333881169380924
I9,2015-07-01,102.991,0.0014877768918104767
I9,2015-10-01,106.021,0.029420046411822404
I9,2016-01-01,101.88,-0.03905829977080017
I9,2016-04-01,104.905,0.029691794267766056
I9,2016-07-01,104.205,-0.0066727038749344915
I9,2016-10-01,107.485,0.031476416678662265
I9,2017-01-01,104.508,-0.02769688793785183
I9,2017-04-01,106.789,0.02182608030007278
I9,2017-07-01,106.83,3.8393467491967164e-4
I9,2017-10-01,110.294,0.03242534868482635
I9,2018-01-01,106.319,-0.036040038442707624
I9,2018-04-01,108.88,0.02408788645491392
I9,2018-07-01,108.086,-0.007292432035268157
I9,2018-10-01,111.624,0.03273319393816032
I9,2019-01-01,107.888,-0.03346950476600005
I9,2019-04-01,110.203,0.021457437342429164
I9,2019-07-01,110.184,-1.7240909957084158e-4
I9,2019-10-01,112.525,0.021246278951571992
I9,2020-01-01,104.677,-0.06974450122195067
I9,2020-04-01,94.601,-0.09625801274396484
I9,2020-07-01,105.59,0.11616156277417791
I9,2020-10-01,108.767,0.030088076522397884
I9,2021-01-01,104.82,-0.036288580175972515
I9,2021-04-01,109.202,0.04180499904598364
I9,2021-07-01,110.959,0.01608944891119215
I9,2021-10-01,114.645,0.03321947746464904
I9,2022-01-01,110.556,-0.03566662305377469
I9,2022-04-01,113.261,0.024467238322659995
I9,2022-07-01,113.454,0.0017040287477595806
I9,2022-10-01,115.664,0.019479260316956723
I9,2023-01-01,111.466,-0.0362947848941763
I9,2023-04-01,112.839,0.012317657402257234
I9,2023-07-01,112.515,-0.0028713476723473096
I9,2023-10-01,115.084,0.02283251122072615
I9,2024-01-01,111.224,-0.033540718084181985
I9,2024-04-01,113.178,0.01756815075882897
I9,2024-07-01,113.511,0.0029422679319302198
I9,2024-10-01,116.072,0.022561690056470362
