REF_AREA,TIME_PERIOD,HP_R_N
AT,2000-01-01,98.2843
AT,2000-04-01,95.9464
AT,2000-07-01,93.7325
AT,2000-10-01,92.7328
AT,2001-01-01,96.5591
AT,2001-04-01,91.484
AT,2001-07-01,95.009
AT,2001-10-01,90.8217
AT,2002-01-01,93.2916
AT,2002-04-01,91.0112
AT,2002-07-01,93.9752
AT,2002-10-01,91.094
AT,2003-01-01,92.167
AT,2003-04-01,91.1409
AT,2003-07-01,89.9534
AT,2003-10-01,92.1174
AT,2004-01-01,84.6086
AT,2004-04-01,88.3345
AT,2004-07-01,88.4584
AT,2004-10-01,89.631
AT,2005-01-01,89.3076
AT,2005-04-01,89.8172
AT,2005-07-01,89.7071
AT,2005-10-01,91.4958
AT,2006-01-01,92.3222
AT,2006-04-01,92.29
AT,2006-07-01,92.8029
AT,2006-10-01,92.3455
AT,2007-01-01,94.5217
AT,2007-04-01,95.3553
AT,2007-07-01,95.8558
AT,2007-10-01,93.1447
AT,2008-01-01,93.1411
AT,2008-04-01,91.1346
AT,2008-07-01,92.6293
AT,2008-10-01,94.1003
AT,2009-01-01,96.2574
AT,2009-04-01,96.1098
AT,2009-07-01,95.5889
AT,2009-10-01,95.5617
AT,2010-01-01,100.2528
AT,2010-04-01,99.5266
AT,2010-07-01,99.764
AT,2010-10-01,100.4564
AT,2011-01-01,101.977
AT,2011-04-01,97.6315
AT,2011-07-01,102.1472
AT,2011-10-01,102.0126
AT,2012-01-01,110.0836
AT,2012-04-01,110.347
AT,2012-07-01,111.6216
AT,2012-10-01,110.6542
AT,2013-01-01,112.5841
AT,2013-04-01,113.4456
AT,2013-07-01,114.8091
AT,2013-10-01,113.388
AT,2014-01-01,115.399
AT,2014-04-01,116.8706
AT,2014-07-01,115.6509
AT,2014-10-01,114.5364
AT,2015-01-01,118.4722
AT,2015-04-01,117.3504
AT,2015-07-01,119.2214
AT,2015-10-01,122.3019
AT,2016-01-01,126.8194
AT,2016-04-01,127.7919
AT,2016-07-01,126.9887
AT,2016-10-01,126.212
AT,2017-01-01,127.2065
AT,2017-04-01,129.9271
AT,2017-07-01,129.8126
AT,2017-10-01,129.258
AT,2018-01-01,134.0595
AT,2018-04-01,133.7194
AT,2018-07-01,137.226
AT,2018-10-01,135.9873
AT,2019-01-01,138.2831
AT,2019-04-01,138.8249
AT,2019-07-01,138.4329
AT,2019-10-01,138.3018
AT,2020-01-01,140.3019
AT,2020-04-01,144.5156
AT,2020-07-01,149.2834
AT,2020-10-01,150.1851
AT,2021-01-01,155.5367
AT,2021-04-01,157.55
AT,2021-07-01,159.8272
AT,2021-10-01,162.4088
AT,2022-01-01,165.1219
AT,2022-04-01,165.2386
AT,2022-07-01,161.2757
AT,2022-10-01,154.5522
AT,2023-01-01,151.1036
AT,2023-04-01,148.3815
AT,2023-07-01,146.6119
AT,2023-10-01,143.1445
AT,2024-01-01,141.153
AT,2024-04-01,140.1204
AT,2024-07-01,140.0215
AT,2024-10-01,138.9332
BE,2000-01-01,66.7303
BE,2000-04-01,66.4127
BE,2000-07-01,66.8442
BE,2000-10-01,67.4507
BE,2001-01-01,68.3166
BE,2001-04-01,67.8228
BE,2001-07-01,68.7814
BE,2001-10-01,68.6908
BE,2002-01-01,69.7482
BE,2002-04-01,70.8455
BE,2002-07-01,72.4755
BE,2002-10-01,73.334
BE,2003-01-01,73.7269
BE,2003-04-01,74.3877
BE,2003-07-01,75.9785
BE,2003-10-01,77.2544
BE,2004-01-01,78.8499
BE,2004-04-01,78.465
BE,2004-07-01,80.9843
BE,2004-10-01,82.4761
BE,2005-01-01,85.6401
BE,2005-04-01,86.6113
BE,2005-07-01,88.8244
BE,2005-10-01,90.7473
BE,2006-01-01,92.2248
BE,2006-04-01,93.9116
BE,2006-07-01,96.2827
BE,2006-10-01,97.1506
BE,2007-01-01,98.8093
BE,2007-04-01,100.25
BE,2007-07-01,101.7298
BE,2007-10-01,100.9165
BE,2008-01-01,100.2148
BE,2008-04-01,99.8087
BE,2008-07-01,100.5061
BE,2008-10-01,100.6476
BE,2009-01-01,99.5764
BE,2009-04-01,98.8441
BE,2009-07-01,101.2324
BE,2009-10-01,100.0917
BE,2010-01-01,99.4178
BE,2010-04-01,99.2191
BE,2010-07-01,101.0517
BE,2010-10-01,100.2996
BE,2011-01-01,99.7994
BE,2011-04-01,99.3982
BE,2011-07-01,100.9206
BE,2011-10-01,100.0634
BE,2012-01-01,99.463
BE,2012-04-01,99.3698
BE,2012-07-01,100.0835
BE,2012-10-01,99.3677
BE,2013-01-01,99.616
BE,2013-04-01,99.7773
BE,2013-07-01,100.6686
BE,2013-10-01,99.6875
BE,2014-01-01,98.186
BE,2014-04-01,98.4335
BE,2014-07-01,99.9309
BE,2014-10-01,100.499
BE,2015-01-01,99.1763
BE,2015-04-01,99.6713
BE,2015-07-01,101.8188
BE,2015-10-01,101.3075
BE,2016-01-01,99.8489
BE,2016-04-01,99.8454
BE,2016-07-01,101.8267
BE,2016-10-01,101.8682
BE,2017-01-01,101.1554
BE,2017-04-01,100.9276
BE,2017-07-01,103.9629
BE,2017-10-01,102.9155
BE,2018-01-01,102.5085
BE,2018-04-01,102.9604
BE,2018-07-01,104.3403
BE,2018-10-01,103.0205
BE,2019-01-01,103.7313
BE,2019-04-01,104.142
BE,2019-07-01,107.5508
BE,2019-10-01,106.8041
BE,2020-01-01,106.5837
BE,2020-04-01,107.992
BE,2020-07-01,110.0807
BE,2020-10-01,112.4435
BE,2021-01-01,112.6126
BE,2021-04-01,113.9179
BE,2021-07-01,115.3707
BE,2021-10-01,113.2305
BE,2022-01-01,110.7734
BE,2022-04-01,110.7344
BE,2022-07-01,110.2697
BE,2022-10-01,106.6383
BE,2023-01-01,107.4156
BE,2023-04-01,107.3712
BE,2023-07-01,107.5736
BE,2023-10-01,108.69970000000001
BE,2024-01-01,107.9284
BE,2024-04-01,107.1467
BE,2024-07-01,107.9619
BE,2024-10-01,108.3602
CY,2002-01-01,55.2744
CY,2002-04-01,54.1254
CY,2002-07-01,57.1872
CY,2002-10-01,56.5158
CY,2003-01-01,55.1552
CY,2003-04-01,54.9203
CY,2003-07-01,56.7429
CY,2003-10-01,56.7277
CY,2004-01-01,64.8656
CY,2004-04-01,66.2619
CY,2004-07-01,68.6454
CY,2004-10-01,69.6985
CY,2005-01-01,70.6359
CY,2005-04-01,71.6126
CY,2005-07-01,72.7588
CY,2005-10-01,72.2423
CY,2006-01-01,76.355
CY,2006-04-01,79.5674
CY,2006-07-01,81.3354
CY,2006-10-01,85.2321
CY,2007-01-01,91.4446
CY,2007-04-01,96.8305
CY,2007-07-01,99.451
CY,2007-10-01,100.5375
CY,2008-01-01,109.3745
CY,2008-04-01,110.1619
CY,2008-07-01,110.3764
CY,2008-10-01,106.499
CY,2009-01-01,103.8864
CY,2009-04-01,102.6155
CY,2009-07-01,104.2532
CY,2009-10-01,103.6233
CY,2010-01-01,101.9884
CY,2010-04-01,100.1073
CY,2010-07-01,100.056
CY,2010-10-01,97.9136
CY,2011-01-01,97.3315
CY,2011-04-01,93.902
CY,2011-07-01,93.4722
CY,2011-10-01,89.8505
CY,2012-01-01,89.5897
CY,2012-04-01,86.1851
CY,2012-07-01,86.0557
CY,2012-10-01,84.4816
CY,2013-01-01,83.6732
CY,2013-04-01,81.6985
CY,2013-07-01,80.7006
CY,2013-10-01,78.8814
CY,2014-01-01,77.7729
CY,2014-04-01,75.2896
CY,2014-07-01,74.4816
CY,2014-10-01,73.063
CY,2015-01-01,73.9266
CY,2015-04-01,73.0083
CY,2015-07-01,73.8514
CY,2015-10-01,73.0045
CY,2016-01-01,74.321
CY,2016-04-01,73.4364
CY,2016-07-01,73.1868
CY,2016-10-01,73.0145
CY,2017-01-01,73.3779
CY,2017-04-01,73.4856
CY,2017-07-01,74.6698
CY,2017-10-01,74.361
CY,2018-01-01,75.3149
CY,2018-04-01,73.9176
CY,2018-07-01,74.2231
CY,2018-10-01,74.411
CY,2019-01-01,76.1534
CY,2019-04-01,75.7153
CY,2019-07-01,76.7896
CY,2019-10-01,76.2045
CY,2020-01-01,76.7185
CY,2020-04-01,78.6282
CY,2020-07-01,78.6593
CY,2020-10-01,77.4396
CY,2021-01-01,78.5138
CY,2021-04-01,76.9845
CY,2021-07-01,76.2411
CY,2021-10-01,76.0699
CY,2022-01-01,76.1672
CY,2022-04-01,73.8005
CY,2022-07-01,74.0046
CY,2022-10-01,74.7536
CY,2023-01-01,76.9943
CY,2023-04-01,77.0818
CY,2023-07-01,77.5011
CY,2023-10-01,79.1852
CY,2024-01-01,81.713
CY,2024-04-01,81.0656
CY,2024-07-01,81.3793
DE,2000-01-01,118.7491
DE,2000-04-01,118.8588
DE,2000-07-01,118.0843
DE,2000-10-01,117.7028
DE,2001-01-01,116.9148
DE,2001-04-01,115.8861
DE,2001-07-01,115.5822
DE,2001-10-01,115.1908
DE,2002-01-01,114.0376
DE,2002-04-01,113.6773
DE,2002-07-01,113.281
DE,2002-10-01,112.8886
DE,2003-01-01,111.5989
DE,2003-04-01,111.2876
DE,2003-07-01,110.4533
DE,2003-10-01,109.75
DE,2004-01-01,108.3665
DE,2004-04-01,107.9078
DE,2004-07-01,107.2677
DE,2004-10-01,106.6036
DE,2005-01-01,106.0957
DE,2005-04-01,105.2131
DE,2005-07-01,104.2621
DE,2005-10-01,104.1346
DE,2006-01-01,102.6415
DE,2006-04-01,103.6188
DE,2006-07-01,104.2189
DE,2006-10-01,103.0737
DE,2007-01-01,101.6453
DE,2007-04-01,100.7383
DE,2007-07-01,100.8471
DE,2007-10-01,100.1891
DE,2008-01-01,101.639
DE,2008-04-01,101.8112
DE,2008-07-01,100.6326
DE,2008-10-01,101.9201
DE,2009-01-01,101.7331
DE,2009-04-01,100.184
DE,2009-07-01,99.9545
DE,2009-10-01,100.2817
DE,2010-01-01,99.1342
DE,2010-04-01,99.8472
DE,2010-07-01,100.4955
DE,2010-10-01,100.5153
DE,2011-01-01,100.2208
DE,2011-04-01,99.9811
DE,2011-07-01,100.7473
DE,2011-10-01,100.4737
DE,2012-01-01,100.6459
DE,2012-04-01,101.5315
DE,2012-07-01,101.3629
DE,2012-10-01,101.7974
DE,2013-01-01,102.2659
DE,2013-04-01,103.0375
DE,2013-07-01,103.319
DE,2013-10-01,102.7744
DE,2014-01-01,103.3807
DE,2014-04-01,105.2256
DE,2014-07-01,105.34
DE,2014-10-01,105.6013
DE,2015-01-01,107.7635
DE,2015-04-01,108.7442
DE,2015-07-01,109.1101
DE,2015-10-01,111.273
DE,2016-01-01,114.1153
DE,2016-04-01,116.2022
DE,2016-07-01,117.7171
DE,2016-10-01,119.4624
DE,2017-01-01,119.8911
DE,2017-04-01,121.2749
DE,2017-07-01,122.4409
DE,2017-10-01,125.1533
DE,2018-01-01,126.2463
DE,2018-04-01,127.0859
DE,2018-07-01,128.6006
DE,2018-10-01,130.3818
DE,2019-01-01,131.1792
DE,2019-04-01,132.4337
DE,2019-07-01,133.4876
DE,2019-10-01,137.1975
DE,2020-01-01,138.1141
DE,2020-04-01,140.0671
DE,2020-07-01,145.3409
DE,2020-10-01,149.3463
DE,2021-01-01,148.7445
DE,2021-04-01,152.7808
DE,2021-07-01,157.7869
DE,2021-10-01,160.595
DE,2022-01-01,158.2575
DE,2022-04-01,156.6903
DE,2022-07-01,153.0131
DE,2022-10-01,142.0779
DE,2023-01-01,136.2676
DE,2023-04-01,132.7793
DE,2023-07-01,130.0365
DE,2023-10-01,127.4491
DE,2024-01-01,125.9806
DE,2024-04-01,126.6344
DE,2024-07-01,127.0595
DE,2024-10-01,127.0061
EE,2005-01-01,101.9719
EE,2005-04-01,113.3599
EE,2005-07-01,118.0817
EE,2005-10-01,132.8971
EE,2006-01-01,148.7464
EE,2006-04-01,161.3083
EE,2006-07-01,170.2938
EE,2006-10-01,187.2086
EE,2007-01-01,189.9637
EE,2007-04-01,198.3038
EE,2007-07-01,188.6369
EE,2007-10-01,180.5511
EE,2008-01-01,168.9261
EE,2008-04-01,160.2789
EE,2008-07-01,157.5516
EE,2008-10-01,134.0197
EE,2009-01-01,106.5547
EE,2009-04-01,100.2697
EE,2009-07-01,92.0611
EE,2009-10-01,90.8472
EE,2010-01-01,100.4538
EE,2010-04-01,99.7083
EE,2010-07-01,102.494
EE,2010-10-01,97.3936
EE,2011-01-01,101.6175
EE,2011-04-01,103.0792
EE,2011-07-01,103.997
EE,2011-10-01,104.5753
EE,2012-01-01,104.4173
EE,2012-04-01,106.7227
EE,2012-07-01,108.6414
EE,2012-10-01,106.7123
EE,2013-01-01,108.6563
EE,2013-04-01,111.6681
EE,2013-07-01,117.3956
EE,2013-10-01,121.5297
EE,2014-01-01,126.8905
EE,2014-04-01,127.8623
EE,2014-07-01,133.6735
EE,2014-10-01,134.3949
EE,2015-01-01,138.3905
EE,2015-04-01,141.3513
EE,2015-07-01,139.6696
EE,2015-10-01,141.9979
EE,2016-01-01,141.7709
EE,2016-04-01,144.9237
EE,2016-07-01,149.3299
EE,2016-10-01,150.9889
EE,2017-01-01,148.2779
EE,2017-04-01,147.3002
EE,2017-07-01,150.8406
EE,2017-10-01,152.57
EE,2018-01-01,153.2383
EE,2018-04-01,153.0713
EE,2018-07-01,151.6256
EE,2018-10-01,155.4546
EE,2019-01-01,158.6708
EE,2019-04-01,157.3163
EE,2019-07-01,160.365
EE,2019-10-01,165.3539
EE,2020-01-01,174.2705
EE,2020-04-01,165.6087
EE,2020-07-01,168.2167
EE,2020-10-01,175.3265
EE,2021-01-01,184.5691
EE,2021-04-01,186.4331
EE,2021-07-01,186.9596
EE,2021-10-01,193.0393
EE,2022-01-01,197.8654
EE,2022-04-01,197.4212
EE,2022-07-01,187.5923
EE,2022-10-01,187.3057
EE,2023-01-01,184.4707
EE,2023-04-01,186.2542
EE,2023-07-01,185.4199
EE,2023-10-01,189.929
EE,2024-01-01,190.7585
EE,2024-04-01,193.422
EE,2024-07-01,191.2007
EE,2024-10-01,189.332
ES,2000-01-01,59.2992
ES,2000-04-01,60.3938
ES,2000-07-01,60.4706
ES,2000-10-01,60.0285
ES,2001-01-01,62.0726
ES,2001-04-01,63.3982
ES,2001-07-01,64.2989
ES,2001-10-01,64.9258
ES,2002-01-01,68.5006
ES,2002-04-01,71.1724
ES,2002-07-01,73.02
ES,2002-10-01,73.284
ES,2003-01-01,77.1916
ES,2003-04-01,81.1514
ES,2003-07-01,83.4947
ES,2003-10-01,84.5636
ES,2004-01-01,89.4175
ES,2004-04-01,92.3776
ES,2004-07-01,94.4002
ES,2004-10-01,95.8513
ES,2005-01-01,100.2126
ES,2005-04-01,101.9431
ES,2005-07-01,103.5212
ES,2005-10-01,104.3454
ES,2006-01-01,105.26
ES,2006-04-01,107.4006
ES,2006-07-01,111.2361
ES,2006-10-01,113.4087
ES,2007-01-01,116.2594
ES,2007-04-01,117.0491
ES,2007-07-01,118.6859
ES,2007-10-01,115.3087
ES,2008-01-01,114.5481
ES,2008-04-01,111.5936
ES,2008-07-01,109.8453
ES,2008-10-01,106.6655
ES,2009-01-01,105.5597
ES,2009-04-01,103.8245
ES,2009-07-01,103.317
ES,2009-10-01,101.8545
ES,2010-01-01,101.306
ES,2010-04-01,101.2193
ES,2010-07-01,99.6126
ES,2010-10-01,97.9162
ES,2011-01-01,94.4117
ES,2011-04-01,91.7022
ES,2011-07-01,88.8539
ES,2011-10-01,83.1478
ES,2012-01-01,79.4662
ES,2012-04-01,75.5807
ES,2012-07-01,72.5438
ES,2012-10-01,70.373
ES,2013-01-01,67.5136
ES,2013-04-01,66.4184
ES,2013-07-01,67.0733
ES,2013-10-01,65.8622
ES,2014-01-01,66.4244
ES,2014-04-01,66.8253
ES,2014-07-01,67.4829
ES,2014-10-01,67.3601
ES,2015-01-01,68.1443
ES,2015-04-01,69.6883
ES,2015-07-01,70.8008
ES,2015-10-01,70.4493
ES,2016-01-01,72.9028
ES,2016-04-01,73.0648
ES,2016-07-01,73.78
ES,2016-10-01,72.8481
ES,2017-01-01,74.7271
ES,2017-04-01,75.6353
ES,2017-07-01,77.4133
ES,2017-10-01,76.9739
ES,2018-01-01,78.6458
ES,2018-04-01,79.3512
ES,2018-07-01,81.1454
ES,2018-10-01,80.739
ES,2019-01-01,83.1197
ES,2019-04-01,82.8779
ES,2019-07-01,84.7735
ES,2019-10-01,83.3549
ES,2020-01-01,85.3385
ES,2020-04-01,85.2464
ES,2020-07-01,86.7542
ES,2020-10-01,85.3705
ES,2021-01-01,85.6374
ES,2021-04-01,85.8483
ES,2021-07-01,87.4019
ES,2021-10-01,85.7609
ES,2022-01-01,86.1696
ES,2022-04-01,85.0242
ES,2022-07-01,85.4797
ES,2022-10-01,84.8562
ES,2023-01-01,84.9326
ES,2023-04-01,85.5698
ES,2023-07-01,86.9031
ES,2023-10-01,85.7
ES,2024-01-01,87.6101
ES,2024-04-01,89.2714
ES,2024-07-01,92.0855
ES,2024-10-01,93.241
FI,2000-01-01,73.7069
FI,2000-04-01,73.8911
FI,2000-07-01,72.0934
FI,2000-10-01,70.559
FI,2001-01-01,70.4522
FI,2001-04-01,70.1398
FI,2001-07-01,69.8763
FI,2001-10-01,70.1451
FI,2002-01-01,72.4307
FI,2002-04-01,74.1808
FI,2002-07-01,75.1253
FI,2002-10-01,75.0722
FI,2003-01-01,75.998
FI,2003-04-01,77.4488
FI,2003-07-01,79.3576
FI,2003-10-01,80.263
FI,2004-01-01,82.4051
FI,2004-04-01,84.2748
FI,2004-07-01,84.2127
FI,2004-10-01,84.4093
FI,2005-01-01,86.2434
FI,2005-04-01,88.3767
FI,2005-07-01,89.8944
FI,2005-10-01,91.6647
FI,2006-01-01,92.4703
FI,2006-04-01,93.5678
FI,2006-07-01,94.0714
FI,2006-10-01,94.9536
FI,2007-01-01,96.5838
FI,2007-04-01,97.1541
FI,2007-07-01,97.1601
FI,2007-10-01,96.6425
FI,2008-01-01,96.0886
FI,2008-04-01,95.6217
FI,2008-07-01,93.6643
FI,2008-10-01,90.1046
FI,2009-01-01,92.7232
FI,2009-04-01,94.1247
FI,2009-07-01,95.8955
FI,2009-10-01,98.0789
FI,2010-01-01,99.6381
FI,2010-04-01,99.7295
FI,2010-07-01,100.9364
FI,2010-10-01,99.6978
FI,2011-01-01,99.6476
FI,2011-04-01,100.6222
FI,2011-07-01,99.987
FI,2011-10-01,98.79
FI,2012-01-01,99.2969
FI,2012-04-01,99.4951
FI,2012-07-01,99.3799
FI,2012-10-01,99.2816
FI,2013-01-01,99.5415
FI,2013-04-01,99.303
FI,2013-07-01,99.1486
FI,2013-10-01,98.217
FI,2014-01-01,98.0463
FI,2014-04-01,98.199
FI,2014-07-01,97.5806
FI,2014-10-01,96.9307
FI,2015-01-01,97.5758
FI,2015-04-01,98.2222
FI,2015-07-01,98.2029
FI,2015-10-01,97.5637
FI,2016-01-01,98.5894
FI,2016-04-01,99.0892
FI,2016-07-01,99.3389
FI,2016-10-01,98.1322
FI,2017-01-01,98.8126
FI,2017-04-01,99.8801
FI,2017-07-01,99.2484
FI,2017-10-01,98.5103
FI,2018-01-01,99.0566
FI,2018-04-01,99.6786
FI,2018-07-01,98.9346
FI,2018-10-01,98.2704
FI,2019-01-01,98.3059
FI,2019-04-01,99.1298
FI,2019-07-01,98.4861
FI,2019-10-01,97.6029
FI,2020-01-01,98.643
FI,2020-04-01,100.0054
FI,2020-07-01,99.8686
FI,2020-10-01,100.904
FI,2021-01-01,101.662
FI,2021-04-01,103.3056
FI,2021-07-01,102.4113
FI,2021-10-01,101.2586
FI,2022-01-01,100.0867
FI,2022-04-01,98.9588
FI,2022-07-01,96.2873
FI,2022-10-01,90.8526
FI,2023-01-01,87.6533
FI,2023-04-01,87.3743
FI,2023-07-01,84.4573
FI,2023-10-01,83.2555
FI,2024-01-01,81.681
FI,2024-04-01,81.7254
FI,2024-07-01,81.216
FI,2024-10-01,80.8844
FR,2000-01-01,57.0576
FR,2000-04-01,58.3987
FR,2000-07-01,60.1994
FR,2000-10-01,59.7164
FR,2001-01-01,60.4545
FR,2001-04-01,61.5375
FR,2001-07-01,63.2236
FR,2001-10-01,63.428
FR,2002-01-01,63.5734
FR,2002-04-01,65.2558
FR,2002-07-01,67.7271
FR,2002-10-01,68.1344
FR,2003-01-01,68.8788
FR,2003-04-01,71.233
FR,2003-07-01,74.0753
FR,2003-10-01,74.8175
FR,2004-01-01,76.8672
FR,2004-04-01,79.2415
FR,2004-07-01,82.9537
FR,2004-10-01,84.5347
FR,2005-01-01,87.0158
FR,2005-04-01,89.9107
FR,2005-07-01,93.8085
FR,2005-10-01,95.3833
FR,2006-01-01,97.2748
FR,2006-04-01,99.2514
FR,2006-07-01,102.2009
FR,2006-10-01,103.1594
FR,2007-01-01,103.7818
FR,2007-04-01,104.4941
FR,2007-07-01,106.6731
FR,2007-10-01,106.2858
FR,2008-01-01,104.9238
FR,2008-04-01,103.8905
FR,2008-07-01,103.9231
FR,2008-10-01,100.9857
FR,2009-01-01,97.6274
FR,2009-04-01,95.769
FR,2009-07-01,97.3461
FR,2009-10-01,97.3731
FR,2010-01-01,97.5619
FR,2010-04-01,98.6505
FR,2010-07-01,101.4767
FR,2010-10-01,102.2866
FR,2011-01-01,102.1835
FR,2011-04-01,103.0256
FR,2011-07-01,105.2365
FR,2011-10-01,103.5496
FR,2012-01-01,101.6158
FR,2012-04-01,100.8134
FR,2012-07-01,101.5615
FR,2012-10-01,99.876
FR,2013-01-01,98.5358
FR,2013-04-01,97.9094
FR,2013-07-01,98.7113
FR,2013-10-01,97.7057
FR,2014-01-01,96.3972
FR,2014-04-01,96.1602
FR,2014-07-01,97.0861
FR,2014-10-01,95.3437
FR,2015-01-01,94.8173
FR,2015-04-01,94.0651
FR,2015-07-01,95.6777
FR,2015-10-01,95.1597
FR,2016-01-01,95.1417
FR,2016-04-01,94.7332
FR,2016-07-01,96.8292
FR,2016-10-01,96.198
FR,2017-01-01,96.6222
FR,2017-04-01,96.9934
FR,2017-07-01,99.0877
FR,2017-10-01,98.289
FR,2018-01-01,98.1154
FR,2018-04-01,97.8563
FR,2018-07-01,99.5677
FR,2018-10-01,99.5774
FR,2019-01-01,99.7798
FR,2019-04-01,99.861
FR,2019-07-01,101.9361
FR,2019-10-01,102.2275
FR,2020-01-01,103.4148
FR,2020-04-01,104.734
FR,2020-07-01,106.5583
FR,2020-10-01,108.1316
FR,2021-01-01,108.3302
FR,2021-04-01,109.5674
FR,2021-07-01,112.2212
FR,2021-10-01,112.506
FR,2022-01-01,111.8103
FR,2022-04-01,111.1144
FR,2022-07-01,112.8255
FR,2022-10-01,111.0625
FR,2023-01-01,108.5265
FR,2023-04-01,106.3737
FR,2023-07-01,106.0945
FR,2023-10-01,103.2303
FR,2024-01-01,100.5492
FR,2024-04-01,99.3328
FR,2024-07-01,100.65
FR,2024-10-01,100.0346
GR,2000-01-01,77.6642
GR,2000-04-01,78.1938
GR,2000-07-01,80.8527
GR,2000-10-01,81.5257
GR,2001-01-01,85.6593
GR,2001-04-01,86.7088
GR,2001-07-01,89.5565
GR,2001-10-01,90.2583
GR,2002-01-01,93.9116
GR,2002-04-01,96.7616
GR,2002-07-01,98.0545
GR,2002-10-01,98.2402
GR,2003-01-01,99.4764
GR,2003-04-01,97.071
GR,2003-07-01,99.1389
GR,2003-10-01,98.3198
GR,2004-01-01,97.8569
GR,2004-04-01,96.3905
GR,2004-07-01,98.6319
GR,2004-10-01,98.861
GR,2005-01-01,101.9492
GR,2005-04-01,103.0645
GR,2005-07-01,106.5434
GR,2005-10-01,107.9165
GR,2006-01-01,112.0074
GR,2006-04-01,113.0191
GR,2006-07-01,115.5599
GR,2006-10-01,118.6806
GR,2007-01-01,118.5487
GR,2007-04-01,117.6459
GR,2007-07-01,119.5312
GR,2007-10-01,117.2875
GR,2008-01-01,116.9994
GR,2008-04-01,114.2616
GR,2008-07-01,115.9146
GR,2008-10-01,114.6558
GR,2009-01-01,111.4224
GR,2009-04-01,110.6971
GR,2009-07-01,109.2424
GR,2009-10-01,107.9627
GR,2010-01-01,106.2279
GR,2010-04-01,100.3345
GR,2010-07-01,98.1406
GR,2010-10-01,95.5631
GR,2011-01-01,95.9735
GR,2011-04-01,91.965
GR,2011-07-01,91.314
GR,2011-10-01,86.8191
GR,2012-01-01,84.1442
GR,2012-04-01,80.7683
GR,2012-07-01,78.7745
GR,2012-10-01,74.8793
GR,2013-01-01,74.4672
GR,2013-04-01,71.4453
GR,2013-07-01,71.4849
GR,2013-10-01,69.1792
GR,2014-01-01,68.6038
GR,2014-04-01,66.5535
GR,2014-07-01,66.976
GR,2014-10-01,66.5695
GR,2015-01-01,67.3849
GR,2015-04-01,64.6323
GR,2015-07-01,64.2537
GR,2015-10-01,63.5543
GR,2016-01-01,65.0473
GR,2016-04-01,63.5975
GR,2016-07-01,63.7544
GR,2016-10-01,63.1803
GR,2017-01-01,62.9425
GR,2017-04-01,62.1274
GR,2017-07-01,62.7283
GR,2017-10-01,62.3916
GR,2018-01-01,63.3131
GR,2018-04-01,62.5783
GR,2018-07-01,63.5409
GR,2018-10-01,63.6839
GR,2019-01-01,66.352
GR,2019-04-01,67.1166
GR,2019-07-01,68.8516
GR,2019-10-01,68.3819
GR,2020-01-01,70.564
GR,2020-04-01,70.9774
GR,2020-07-01,72.9046
GR,2020-10-01,72.0312
GR,2021-01-01,74.9826
GR,2021-04-01,75.6339
GR,2021-07-01,77.9059
GR,2021-10-01,75.8914
GR,2022-01-01,76.7863
GR,2022-04-01,75.4159
GR,2022-07-01,78.5656
GR,2022-10-01,80.0765
GR,2023-01-01,83.8519
GR,2023-04-01,84.4807
GR,2023-07-01,86.629
GR,2023-10-01,87.1808
GR,2024-01-01,90.1308
GR,2024-04-01,90.2089
GR,2024-07-01,90.9544
GR,2024-10-01,90.7103
HR,2000-01-01,74.2481
HR,2000-04-01,71.4905
HR,2000-07-01,66.4132
HR,2000-10-01,63.8407
HR,2001-01-01,70.5444
HR,2001-04-01,70.0393
HR,2001-07-01,64.2258
HR,2001-10-01,65.8798
HR,2002-01-01,68.9543
HR,2002-04-01,67.8864
HR,2002-07-01,72.081
HR,2002-10-01,72.05
HR,2003-01-01,77.5777
HR,2003-04-01,79.7016
HR,2003-07-01,80.41
HR,2003-10-01,85.632
HR,2004-01-01,86.2733
HR,2004-04-01,88.5831
HR,2004-07-01,92.0956
HR,2004-10-01,96.8975
HR,2005-01-01,95.0263
HR,2005-04-01,98.5644
HR,2005-07-01,100.2746
HR,2005-10-01,103.9362
HR,2006-01-01,106.3363
HR,2006-04-01,106.9212
HR,2006-07-01,110.2183
HR,2006-10-01,117.1739
HR,2007-01-01,119.4848
HR,2007-04-01,122.4711
HR,2007-07-01,124.5621
HR,2007-10-01,121.0109
HR,2008-01-01,117.4896
HR,2008-04-01,115.8928
HR,2008-07-01,117.0475
HR,2008-10-01,114.4506
HR,2009-01-01,112.6281
HR,2009-04-01,107.6494
HR,2009-07-01,106.5839
HR,2009-10-01,104.6231
HR,2010-01-01,102.0921
HR,2010-04-01,99.7015
HR,2010-07-01,99.1884
HR,2010-10-01,99.0345
HR,2011-01-01,96.8887
HR,2011-04-01,97.4758
HR,2011-07-01,98.8019
HR,2011-10-01,98.5584
HR,2012-01-01,97.7583
HR,2012-04-01,93.7106
HR,2012-07-01,93.0285
HR,2012-10-01,88.6776
HR,2013-01-01,88.329
HR,2013-04-01,87.1924
HR,2013-07-01,87.9607
HR,2013-10-01,86.9318
HR,2014-01-01,86.5743
HR,2014-04-01,86.8691
HR,2014-07-01,86.4571
HR,2014-10-01,85.6448
HR,2015-01-01,85.4293
HR,2015-04-01,82.9357
HR,2015-07-01,84.3871
HR,2015-10-01,84.5563
HR,2016-01-01,86.6135
HR,2016-04-01,85.4096
HR,2016-07-01,86.6991
HR,2016-10-01,85.4041
HR,2017-01-01,85.4316
HR,2017-04-01,88.1218
HR,2017-07-01,89.0473
HR,2017-10-01,90.7124
HR,2018-01-01,91.7378
HR,2018-04-01,90.3656
HR,2018-07-01,93.3955
HR,2018-10-01,93.7155
HR,2019-01-01,98.0612
HR,2019-04-01,98.9961
HR,2019-07-01,100.075
HR,2019-10-01,102.1941
HR,2020-01-01,105.5565
HR,2020-04-01,107.5188
HR,2020-07-01,107.1042
HR,2020-10-01,109.1748
HR,2021-01-01,109.9813
HR,2021-04-01,112.0988
HR,2021-07-01,113.24
HR,2021-10-01,113.6753
HR,2022-01-01,117.2538
HR,2022-04-01,114.9515
HR,2022-07-01,115.6313
HR,2022-10-01,117.733
HR,2023-01-01,119.5665
HR,2023-04-01,120.9647
HR,2023-07-01,119.5504
HR,2023-10-01,122.7299
HR,2024-01-01,125.329
HR,2024-04-01,128.9347
HR,2024-07-01,131.7649
HR,2024-10-01,131.4224
HU,2000-01-01,82.1241
HU,2000-04-01,88.8316
HU,2000-07-01,92.2015
HU,2000-10-01,91.1393
HU,2001-01-01,93.3512
HU,2001-04-01,94.9606
HU,2001-07-01,99.0393
HU,2001-10-01,101.2241
HU,2002-01-01,101.0969
HU,2002-04-01,104.9496
HU,2002-07-01,109.5736
HU,2002-10-01,109.5191
HU,2003-01-01,116.1906
HU,2003-04-01,120.9302
HU,2003-07-01,123.0054
HU,2003-10-01,126.8422
HU,2004-01-01,119.5205
HU,2004-04-01,122.4251
HU,2004-07-01,125.4482
HU,2004-10-01,123.0764
HU,2005-01-01,120.7547
HU,2005-04-01,121.4988
HU,2005-07-01,123.6852
HU,2005-10-01,122.3663
HU,2006-01-01,123.2488
HU,2006-04-01,122.5229
HU,2006-07-01,123.9562
HU,2006-10-01,121.7149
HU,2007-01-01,120.2196
HU,2007-04-01,120.7286
HU,2007-07-01,124.7018
HU,2007-10-01,123.5352
HU,2008-01-01,119.0797
HU,2008-04-01,118.4445
HU,2008-07-01,118.5797
HU,2008-10-01,116.4921
HU,2009-01-01,114.5563
HU,2009-04-01,108.3564
HU,2009-07-01,104.9886
HU,2009-10-01,102.0464
HU,2010-01-01,102.6162
HU,2010-04-01,100.3191
HU,2010-07-01,99.7525
HU,2010-10-01,97.3738
HU,2011-01-01,95.3703
HU,2011-04-01,93.1647
HU,2011-07-01,92.3521
HU,2011-10-01,90.8245
HU,2012-01-01,88.8187
HU,2012-04-01,84.5113
HU,2012-07-01,83.7142
HU,2012-10-01,81.7287
HU,2013-01-01,81.2453
HU,2013-04-01,81.1249
HU,2013-07-01,81.4416
HU,2013-10-01,80.5554
HU,2014-01-01,81.9807
HU,2014-04-01,83.5557
HU,2014-07-01,85.2208
HU,2014-10-01,87.9572
HU,2015-01-01,90.4769
HU,2015-04-01,94.0054
HU,2015-07-01,98.4927
HU,2015-10-01,100.3886
HU,2016-01-01,105.398
HU,2016-04-01,106.6991
HU,2016-07-01,109.9867
HU,2016-10-01,110.8267
HU,2017-01-01,114.7862
HU,2017-04-01,117.1602
HU,2017-07-01,120.5118
HU,2017-10-01,122.2486
HU,2018-01-01,127.6353
HU,2018-04-01,129.5149
HU,2018-07-01,133.8199
HU,2018-10-01,136.6918
HU,2019-01-01,147.2772
HU,2019-04-01,149.3897
HU,2019-07-01,151.4379
HU,2019-10-01,149.1813
HU,2020-01-01,152.906
HU,2020-04-01,149.5233
HU,2020-07-01,153.1086
HU,2020-10-01,151.1723
HU,2021-01-01,162.5724
HU,2021-04-01,166.1408
HU,2021-07-01,170.1469
HU,2021-10-01,173.3456
HU,2022-01-01,185.0115
HU,2022-04-01,187.5193
HU,2022-07-01,181.3082
HU,2022-10-01,165.5063
HU,2023-01-01,164.2588
HU,2023-04-01,163.7433
HU,2023-07-01,162.9251
HU,2023-10-01,165.3738
HU,2024-01-01,177.3863
HU,2024-04-01,178.1427
HU,2024-07-01,178.1577
HU,2024-10-01,179.9845
IE,2000-01-01,94.4402
IE,2000-04-01,94.0444
IE,2000-07-01,97.1163
IE,2000-10-01,101.8005
IE,2001-01-01,102.1021
IE,2001-04-01,100.0197
IE,2001-07-01,97.9905
IE,2001-10-01,98.4384
IE,2002-01-01,101.1134
IE,2002-04-01,100.2949
IE,2002-07-01,104.646
IE,2002-10-01,107.2653
IE,2003-01-01,108.5369
IE,2003-04-01,109.2378
IE,2003-07-01,114.7643
IE,2003-10-01,119.5828
IE,2004-01-01,118.8865
IE,2004-04-01,118.7709
IE,2004-07-01,123.7408
IE,2004-10-01,129.4947
IE,2005-01-01,129.4076
IE,2005-04-01,130.5175
IE,2005-07-01,134.5563
IE,2005-10-01,139.553
IE,2006-01-01,141.4299
IE,2006-04-01,144.2885
IE,2006-07-01,151.1954
IE,2006-10-01,153.2263
IE,2007-01-01,154.2658
IE,2007-04-01,152.0162
IE,2007-07-01,150.4141
IE,2007-10-01,148.1913
IE,2008-01-01,143.7729
IE,2008-04-01,137.3826
IE,2008-07-01,132.7429
IE,2008-10-01,127.0827
IE,2009-01-01,121.8488
IE,2009-04-01,115.0386
IE,2009-07-01,111.362
IE,2009-10-01,109.3189
IE,2010-01-01,106.1944
IE,2010-04-01,101.7903
IE,2010-07-01,98.2848
IE,2010-10-01,93.8299
IE,2011-01-01,88.8998
IE,2011-04-01,83.1614
IE,2011-07-01,78.124
IE,2011-10-01,73.4022
IE,2012-01-01,69.9189
IE,2012-04-01,67.7253
IE,2012-07-01,68.4168
IE,2012-10-01,69.1258
IE,2013-01-01,67.1009
IE,2013-04-01,66.7676
IE,2013-07-01,70.5635
IE,2013-10-01,72.8356
IE,2014-01-01,73.9779
IE,2014-04-01,77.5291
IE,2014-07-01,83.8811
IE,2014-10-01,87.0841
IE,2015-01-01,87.4279
IE,2015-04-01,88.5638
IE,2015-07-01,91.258
IE,2015-10-01,93.1891
IE,2016-01-01,94.1429
IE,2016-04-01,94.04
IE,2016-07-01,97.9459
IE,2016-10-01,101.2676
IE,2017-01-01,102.4046
IE,2017-04-01,103.7302
IE,2017-07-01,109.2982
IE,2017-10-01,112.5762
IE,2018-01-01,114.7071
IE,2018-04-01,116.647
IE,2018-07-01,118.3222
IE,2018-10-01,119.8566
IE,2019-01-01,118.8336
IE,2019-04-01,118.0591
IE,2019-07-01,119.5717
IE,2019-10-01,119.5888
IE,2020-01-01,118.7823
IE,2020-04-01,118.8581
IE,2020-07-01,119.6423
IE,2020-10-01,121.8728
IE,2021-01-01,122.6189
IE,2021-04-01,123.6954
IE,2021-07-01,128.5472
IE,2021-10-01,131.7244
IE,2022-01-01,133.2296
IE,2022-04-01,130.9523
IE,2022-07-01,132.345
IE,2022-10-01,131.5187
IE,2023-01-01,129.7083
IE,2023-04-01,126.1491
IE,2023-07-01,126.3595
IE,2023-10-01,129.7666
IE,2024-01-01,133.2938
IE,2024-04-01,133.436
IE,2024-07-01,136.7368
IE,2024-10-01,140.4628
IT,2000-01-01,76.3039
IT,2000-04-01,76.4064
IT,2000-07-01,76.9951
IT,2000-10-01,77.3332
IT,2001-01-01,77.5702
IT,2001-04-01,77.8781
IT,2001-07-01,79.271
IT,2001-10-01,81.1367
IT,2002-01-01,85.0609
IT,2002-04-01,86.2191
IT,2002-07-01,86.8406
IT,2002-10-01,86.9043
IT,2003-01-01,88.1578
IT,2003-04-01,88.7015
IT,2003-07-01,89.8766
IT,2003-10-01,90.0255
IT,2004-01-01,90.4413
IT,2004-04-01,91.5757
IT,2004-07-01,93.5718
IT,2004-10-01,94.8074
IT,2005-01-01,96.1263
IT,2005-04-01,97.2307
IT,2005-07-01,98.5355
IT,2005-10-01,99.0836
IT,2006-01-01,99.6567
IT,2006-04-01,100.8067
IT,2006-07-01,102.0859
IT,2006-10-01,102.7719
IT,2007-01-01,103.7027
IT,2007-04-01,104.2274
IT,2007-07-01,105.0506
IT,2007-10-01,104.863
IT,2008-01-01,104.3853
IT,2008-04-01,104.2421
IT,2008-07-01,103.6755
IT,2008-10-01,102.5444
IT,2009-01-01,103.1062
IT,2009-04-01,102.4725
IT,2009-07-01,102.3805
IT,2009-10-01,101.6107
IT,2010-01-01,99.6538
IT,2010-04-01,99.9677
IT,2010-07-01,100.2773
IT,2010-10-01,100.097
IT,2011-01-01,98.6254
IT,2011-04-01,99.6764
IT,2011-07-01,98.7695
IT,2011-10-01,97.3849
IT,2012-01-01,96.0858
IT,2012-04-01,94.4295
IT,2012-07-01,92.2334
IT,2012-10-01,90.3482
IT,2013-01-01,87.5526
IT,2013-04-01,87.1016
IT,2013-07-01,85.4596
IT,2013-10-01,84.5976
IT,2014-01-01,83.333
IT,2014-04-01,82.3933
IT,2014-07-01,81.4979
IT,2014-10-01,80.4122
IT,2015-01-01,78.7998
IT,2015-04-01,78.4876
IT,2015-07-01,79.1453
IT,2015-10-01,78.6342
IT,2016-01-01,78.9528
IT,2016-04-01,79.3472
IT,2016-07-01,79.1611
IT,2016-10-01,78.6632
IT,2017-01-01,77.3627
IT,2017-04-01,77.4714
IT,2017-07-01,77.1095
IT,2017-10-01,77.0267
IT,2018-01-01,76.4168
IT,2018-04-01,76.4554
IT,2018-07-01,75.3716
IT,2018-10-01,75.5645
IT,2019-01-01,75.0057
IT,2019-04-01,75.7359
IT,2019-07-01,75.409
IT,2019-10-01,75.4972
IT,2020-01-01,76.0882
IT,2020-04-01,78.3593
IT,2020-07-01,76.5432
IT,2020-10-01,76.8214
IT,2021-01-01,76.9408
IT,2021-04-01,77.7337
IT,2021-07-01,77.9912
IT,2021-10-01,77.1591
IT,2022-01-01,76.1252
IT,2022-04-01,76.4551
IT,2022-07-01,74.0326
IT,2022-10-01,70.9075
IT,2023-01-01,70.6296
IT,2023-04-01,71.6514
IT,2023-07-01,71.3072
IT,2023-10-01,71.466
IT,2024-01-01,71.097
IT,2024-04-01,73.1672
IT,2024-07-01,73.2442
IT,2024-10-01,73.8246
LT,2000-01-01,41.9676
LT,2000-04-01,38.7607
LT,2000-07-01,36.238
LT,2000-10-01,39.844
LT,2001-01-01,46.9793
LT,2001-04-01,43.6463
LT,2001-07-01,48.2829
LT,2001-10-01,55.1937
LT,2002-01-01,51.5794
LT,2002-04-01,52.4871
LT,2002-07-01,55.3289
LT,2002-10-01,57.3898
LT,2003-01-01,64.9469
LT,2003-04-01,58.7429
LT,2003-07-01,61.0576
LT,2003-10-01,64.7963
LT,2004-01-01,70.0539
LT,2004-04-01,66.2078
LT,2004-07-01,73.5797
LT,2004-10-01,82.1327
LT,2005-01-01,95.3097
LT,2005-04-01,89.9605
LT,2005-07-01,99.0317
LT,2005-10-01,124.1761
LT,2006-01-01,129.7917
LT,2006-04-01,129.3785
LT,2006-07-01,141.4617
LT,2006-10-01,154.6389
LT,2007-01-01,159.8405
LT,2007-04-01,163.6122
LT,2007-07-01,171.3921
LT,2007-10-01,168.7558
LT,2008-01-01,168.6834
LT,2008-04-01,169.4604
LT,2008-07-01,164.1763
LT,2008-10-01,150.4949
LT,2009-01-01,117.0766
LT,2009-04-01,111.1014
LT,2009-07-01,107.0447
LT,2009-10-01,102.2759
LT,2010-01-01,99.1576
LT,2010-04-01,100.5869
LT,2010-07-01,99.6819
LT,2010-10-01,100.5611
LT,2011-01-01,103.5105
LT,2011-04-01,102.0445
LT,2011-07-01,101.8896
LT,2011-10-01,102.0912
LT,2012-01-01,100.8363
LT,2012-04-01,98.4104
LT,2012-07-01,99.0529
LT,2012-10-01,98.0485
LT,2013-01-01,98.5986
LT,2013-04-01,99.5235
LT,2013-07-01,98.2583
LT,2013-10-01,100.587
LT,2014-01-01,102.2287
LT,2014-04-01,105.8775
LT,2014-07-01,108.0758
LT,2014-10-01,105.8597
LT,2015-01-01,108.4835
LT,2015-04-01,110.3103
LT,2015-07-01,112.8326
LT,2015-10-01,109.7553
LT,2016-01-01,111.0524
LT,2016-04-01,113.223
LT,2016-07-01,117.9778
LT,2016-10-01,118.7229
LT,2017-01-01,119.0881
LT,2017-04-01,120.5646
LT,2017-07-01,122.7022
LT,2017-10-01,121.7658
LT,2018-01-01,124.187
LT,2018-04-01,126.1828
LT,2018-07-01,127.7915
LT,2018-10-01,127.6438
LT,2019-01-01,131.1385
LT,2019-04-01,131.0206
LT,2019-07-01,132.706
LT,2019-10-01,133.2458
LT,2020-01-01,135.92
LT,2020-04-01,139.0751
LT,2020-07-01,139.7961
LT,2020-10-01,145.0123
LT,2021-01-01,150.9321
LT,2021-04-01,152.6017
LT,2021-07-01,157.651
LT,2021-10-01,159.0404
LT,2022-01-01,157.5921
LT,2022-04-01,156.6324
LT,2022-07-01,153.2297
LT,2022-10-01,150.36
LT,2023-01-01,150.5466
LT,2023-04-01,153.3518
LT,2023-07-01,157.5566
LT,2023-10-01,159.684
LT,2024-01-01,164.6284
LT,2024-04-01,168.4797
LT,2024-07-01,170.3627
LT,2024-10-01,173.1851
LU,2007-01-01,97.3907
LU,2007-04-01,96.9684
LU,2007-07-01,100.913
LU,2007-10-01,98.9683
LU,2008-01-01,97.7961
LU,2008-04-01,98.9122
LU,2008-07-01,98.2059
LU,2008-10-01,99.1081
LU,2009-01-01,97.4159
LU,2009-04-01,97.095
LU,2009-07-01,95.9219
LU,2009-10-01,97.6366
LU,2010-01-01,101.2364
LU,2010-04-01,98.6599
LU,2010-07-01,99.7299
LU,2010-10-01,100.3852
LU,2011-01-01,98.8499
LU,2011-04-01,99.9118
LU,2011-07-01,99.8819
LU,2011-10-01,102.35
LU,2012-01-01,100.4411
LU,2012-04-01,101.3956
LU,2012-07-01,101.5388
LU,2012-10-01,103.6163
LU,2013-01-01,103.6579
LU,2013-04-01,104.2286
LU,2013-07-01,105.5193
LU,2013-10-01,106.621
LU,2014-01-01,105.0815
LU,2014-04-01,108.4067
LU,2014-07-01,110.1067
LU,2014-10-01,112.1168
LU,2015-01-01,112.4928
LU,2015-04-01,113.6954
LU,2015-07-01,115.5201
LU,2015-10-01,115.3369
LU,2016-01-01,117.772
LU,2016-04-01,120.0068
LU,2016-07-01,121.885
LU,2016-10-01,123.4053
LU,2017-01-01,123.8363
LU,2017-04-01,125.5558
LU,2017-07-01,125.5325
LU,2017-10-01,126.5726
LU,2018-01-01,130.3163
LU,2018-04-01,130.2631
LU,2018-07-01,132.7825
LU,2018-10-01,135.4041
LU,2019-01-01,136.676
LU,2019-04-01,142.2081
LU,2019-07-01,145.4324
LU,2019-10-01,147.9439
LU,2020-01-01,153.744
LU,2020-04-01,160.2235
LU,2020-07-01,164.3453
LU,2020-10-01,171.7028
LU,2021-01-01,177.9091
LU,2021-04-01,177.7342
LU,2021-07-01,181.5434
LU,2021-10-01,184.935
LU,2022-01-01,186.0116
LU,2022-04-01,185.4006
LU,2022-07-01,188.7292
LU,2022-10-01,183.9971
LU,2023-01-01,175.4444
LU,2023-04-01,168.5827
LU,2023-07-01,156.1586
LU,2023-10-01,152.4492
LU,2024-01-01,150.8921
LU,2024-04-01,150.7972
LU,2024-07-01,150.7237
LU,2024-10-01,153.0947
LV,2006-01-01,149.1909
LV,2006-04-01,161.6375
LV,2006-07-01,176.2428
LV,2006-10-01,188.6275
LV,2007-01-01,207.371
LV,2007-04-01,207.8769
LV,2007-07-01,218.0919
LV,2007-10-01,204.3795
LV,2008-01-01,207.866
LV,2008-04-01,196.5136
LV,2008-07-01,181.2243
LV,2008-10-01,150.0413
LV,2009-01-01,119.9556
LV,2009-04-01,108.3479
LV,2009-07-01,108.637
LV,2009-10-01,107.2214
LV,2010-01-01,98.8691
LV,2010-04-01,97.9777
LV,2010-07-01,100.3866
LV,2010-10-01,102.7311
LV,2011-01-01,105.3416
LV,2011-04-01,105.0432
LV,2011-07-01,108.5327
LV,2011-10-01,104.2682
LV,2012-01-01,104.4883
LV,2012-04-01,104.7489
LV,2012-07-01,108.0594
LV,2012-10-01,108.8933
LV,2013-01-01,109.0998
LV,2013-04-01,113.1035
LV,2013-07-01,115.1345
LV,2013-10-01,118.1716
LV,2014-01-01,120.1441
LV,2014-04-01,121.0395
LV,2014-07-01,126.5638
LV,2014-10-01,112.2497
LV,2015-01-01,112.3038
LV,2015-04-01,114.5402
LV,2015-07-01,116.5211
LV,2015-10-01,119.5183
LV,2016-01-01,120.8222
LV,2016-04-01,126.2686
LV,2016-07-01,127.4295
LV,2016-10-01,126.9249
LV,2017-01-01,127.9683
LV,2017-04-01,133.6761
LV,2017-07-01,134.7492
LV,2017-10-01,133.5694
LV,2018-01-01,139.77
LV,2018-04-01,141.9375
LV,2018-07-01,140.4202
LV,2018-10-01,144.165
LV,2019-01-01,144.5069
LV,2019-04-01,148.3204
LV,2019-07-01,153.7351
LV,2019-10-01,153.5184
LV,2020-01-01,154.1509
LV,2020-04-01,151.1813
LV,2020-07-01,156.4186
LV,2020-10-01,157.9013
LV,2021-01-01,158.7723
LV,2021-04-01,165.6265
LV,2021-07-01,169.3839
LV,2021-10-01,171.1556
LV,2022-01-01,170.6452
LV,2022-04-01,165.5111
LV,2022-07-01,158.0525
LV,2022-10-01,153.0569
LV,2023-01-01,151.0141
LV,2023-04-01,156.2158
LV,2023-07-01,155.02440000000001
LV,2023-10-01,152.4659
LV,2024-01-01,155.3058
LV,2024-04-01,156.0289
LV,2024-07-01,161.6094
LV,2024-10-01,160.7075
MT,2005-01-01,70.9393
MT,2005-04-01,69.8565
MT,2005-07-01,76.008
MT,2005-10-01,71.9065
MT,2006-01-01,76.0282
MT,2006-04-01,82.5502
MT,2006-07-01,85.8318
MT,2006-10-01,91.9782
MT,2007-01-01,97.8181
MT,2007-04-01,101.1998
MT,2007-07-01,102.0334
MT,2007-10-01,101.1668
MT,2008-01-01,110.0488
MT,2008-04-01,104.0699
MT,2008-07-01,109.2451
MT,2008-10-01,105.2529
MT,2009-01-01,102.7936
MT,2009-04-01,99.838
MT,2009-07-01,101.5837
MT,2009-10-01,97.5365
MT,2010-01-01,101.9142
MT,2010-04-01,100.0845
MT,2010-07-01,103.3552
MT,2010-10-01,94.7511
MT,2011-01-01,96.327
MT,2011-04-01,96.7954
MT,2011-07-01,97.2207
MT,2011-10-01,93.7423
MT,2012-01-01,96.2313
MT,2012-04-01,93.3829
MT,2012-07-01,100.1439
MT,2012-10-01,96.6104
MT,2013-01-01,95.2254
MT,2013-04-01,92.5132
MT,2013-07-01,96.9794
MT,2013-10-01,94.8804
MT,2014-01-01,95.7737
MT,2014-04-01,95.3306
MT,2014-07-01,97.2678
MT,2014-10-01,99.6505
MT,2015-01-01,97.7045
MT,2015-04-01,97.4922
MT,2015-07-01,104.2943
MT,2015-10-01,106.6143
MT,2016-01-01,102.3661
MT,2016-04-01,103.6299
MT,2016-07-01,108.4392
MT,2016-10-01,111.0507
MT,2017-01-01,106.0508
MT,2017-04-01,108.3142
MT,2017-07-01,112.5235
MT,2017-10-01,115.0784
MT,2018-01-01,110.79
MT,2018-04-01,113.8345
MT,2018-07-01,117.3276
MT,2018-10-01,120.3047
MT,2019-01-01,115.9062
MT,2019-04-01,118.7833
MT,2019-07-01,122.3369
MT,2019-10-01,125.5673
MT,2020-01-01,120.9609
MT,2020-04-01,122.524
MT,2020-07-01,125.124
MT,2020-10-01,127.2461
MT,2021-01-01,126.092
MT,2021-04-01,127.5175
MT,2021-07-01,129.8925
MT,2021-10-01,129.8328
MT,2022-01-01,129.2717
MT,2022-04-01,129.4702
MT,2022-07-01,128.9473
MT,2022-10-01,128.12
MT,2023-01-01,129.63
MT,2023-04-01,129.0256
MT,2023-07-01,130.7226
MT,2023-10-01,131.949
MT,2024-01-01,135.039
MT,2024-04-01,135.9287
MT,2024-07-01,137.9733
MT,2024-10-01,136.943
NL,2000-01-01,84.0758
NL,2000-04-01,86.3389
NL,2000-07-01,89.4397
NL,2000-10-01,90.6847
NL,2001-01-01,91.9659
NL,2001-04-01,92.8529
NL,2001-07-01,94.654
NL,2001-10-01,94.9561
NL,2002-01-01,95.3911
NL,2002-04-01,95.7927
NL,2002-07-01,97.2004
NL,2002-10-01,96.7852
NL,2003-01-01,97.0961
NL,2003-04-01,97.4102
NL,2003-07-01,97.9998
NL,2003-10-01,98.7767
NL,2004-01-01,99.8503
NL,2004-04-01,100.0611
NL,2004-07-01,101.359
NL,2004-10-01,101.4041
NL,2005-01-01,102.0105
NL,2005-04-01,102.3203
NL,2005-07-01,103.4628
NL,2005-10-01,103.6306
NL,2006-01-01,105.0726
NL,2006-04-01,105.3393
NL,2006-07-01,106.4633
NL,2006-10-01,107.4425
NL,2007-01-01,108.344
NL,2007-04-01,107.9331
NL,2007-07-01,110.4958
NL,2007-10-01,111.0264
NL,2008-01-01,110.1882
NL,2008-04-01,108.8019
NL,2008-07-01,109.7195
NL,2008-10-01,107.8658
NL,2009-01-01,106.2746
NL,2009-04-01,102.0973
NL,2009-07-01,102.1051
NL,2009-10-01,101.7482
NL,2010-01-01,101.0173
NL,2010-04-01,99.7254
NL,2010-07-01,100.1241
NL,2010-10-01,99.1462
NL,2011-01-01,98.6827
NL,2011-04-01,95.9673
NL,2011-07-01,95.108
NL,2011-10-01,93.3952
NL,2012-01-01,91.1043
NL,2012-04-01,88.5668
NL,2012-07-01,84.6921
NL,2012-10-01,84.5512
NL,2013-01-01,81.6945
NL,2013-04-01,79.2695
NL,2013-07-01,79.3498
NL,2013-10-01,79.5661
NL,2014-01-01,79.8018
NL,2014-04-01,79.4812
NL,2014-07-01,79.6217
NL,2014-10-01,80.4611
NL,2015-01-01,81.6717
NL,2015-04-01,81.1561
NL,2015-07-01,82.3786
NL,2015-10-01,83.3732
NL,2016-01-01,84.6849
NL,2016-04-01,85.1015
NL,2016-07-01,86.9076
NL,2016-10-01,88.1467
NL,2017-01-01,89.6575
NL,2017-04-01,90.5359
NL,2017-07-01,92.6682
NL,2017-10-01,94.7678
NL,2018-01-01,96.6983
NL,2018-04-01,97.598
NL,2018-07-01,99.6708
NL,2018-10-01,101.1436
NL,2019-01-01,102.1618
NL,2019-04-01,102.4538
NL,2019-07-01,103.264
NL,2019-10-01,104.9262
NL,2020-01-01,107.4527
NL,2020-04-01,109.1198
NL,2020-07-01,110.8138
NL,2020-10-01,112.8746
NL,2021-01-01,116.5342
NL,2021-04-01,120.4402
NL,2021-07-01,125.974
NL,2021-10-01,127.7343
NL,2022-01-01,129.0741
NL,2022-04-01,129.8429
NL,2022-07-01,125.6931
NL,2022-10-01,121.3334
NL,2023-01-01,121.1937
NL,2023-04-01,117.9143
NL,2023-07-01,117.996
NL,2023-10-01,120.4761
NL,2024-01-01,121.8009
NL,2024-04-01,123.4109
NL,2024-07-01,125.7962
NL,2024-10-01,128.4867
PT,2000-01-01,118.7076
PT,2000-04-01,119.5799
PT,2000-07-01,120.508
PT,2000-10-01,122.1871
PT,2001-01-01,122.0037
PT,2001-04-01,121.7378
PT,2001-07-01,121.5652
PT,2001-10-01,120.5884
PT,2002-01-01,120.052
PT,2002-04-01,118.459
PT,2002-07-01,117.3813
PT,2002-10-01,116.104
PT,2003-01-01,116.1087
PT,2003-04-01,115.4209
PT,2003-07-01,115.7929
PT,2003-10-01,114.8392
PT,2004-01-01,114.8505
PT,2004-04-01,113.2547
PT,2004-07-01,113.5898
PT,2004-10-01,112.6822
PT,2005-01-01,112.6295
PT,2005-04-01,113.0473
PT,2005-07-01,114.7814
PT,2005-10-01,113.8377
PT,2006-01-01,113.4216
PT,2006-04-01,112.212
PT,2006-07-01,112.274
PT,2006-10-01,112.0193
PT,2007-01-01,112.2447
PT,2007-04-01,109.8157
PT,2007-07-01,111.0735
PT,2007-10-01,108.0422
PT,2008-01-01,103.3859
PT,2008-04-01,101.9253
PT,2008-07-01,99.3672
PT,2008-10-01,98.2116
PT,2009-01-01,100.0276
PT,2009-04-01,100.2976
PT,2009-07-01,101.0263
PT,2009-10-01,101.1617
PT,2010-01-01,101.6861
PT,2010-04-01,100.725
PT,2010-07-01,99.6734
PT,2010-10-01,97.9586
PT,2011-01-01,95.945
PT,2011-04-01,92.6038
PT,2011-07-01,91.332
PT,2011-10-01,87.2035
PT,2012-01-01,85.1988
PT,2012-04-01,82.6223
PT,2012-07-01,81.938
PT,2012-10-01,82.0815
PT,2013-01-01,81.1726
PT,2013-04-01,80.0374
PT,2013-07-01,80.8308
PT,2013-10-01,82.6428
PT,2014-01-01,84.541
PT,2014-04-01,85.0492
PT,2014-07-01,85.2614
PT,2014-10-01,84.5574
PT,2015-01-01,85.3079
PT,2015-04-01,86.9233
PT,2015-07-01,87.5167
PT,2015-10-01,88.302
PT,2016-01-01,90.7366
PT,2016-04-01,91.9878
PT,2016-07-01,93.5646
PT,2016-10-01,94.27
PT,2017-01-01,96.5625
PT,2017-04-01,97.9715
PT,2017-07-01,102.1503
PT,2017-10-01,102.6476
PT,2018-01-01,107.5537
PT,2018-04-01,107.9185
PT,2018-07-01,109.2675
PT,2018-10-01,111.2915
PT,2019-01-01,116.5755
PT,2019-04-01,117.5135
PT,2019-07-01,121.2252
PT,2019-10-01,122.5313
PT,2020-01-01,128.4041
PT,2020-04-01,129.3041
PT,2020-07-01,129.6169
PT,2020-10-01,132.5093
PT,2021-01-01,136.3332
PT,2021-04-01,138.3465
PT,2021-07-01,142.4168
PT,2021-10-01,144.4167
PT,2022-01-01,147.6512
PT,2022-04-01,144.9951
PT,2022-07-01,147.7046
PT,2022-10-01,146.3205
PT,2023-01-01,148.6117
PT,2023-04-01,151.0659
PT,2023-07-01,153.5731
PT,2023-10-01,155.1652
PT,2024-01-01,155.5623
PT,2024-04-01,158.609
PT,2024-07-01,165.0546
PT,2024-10-01,168.7043
SI,2007-01-01,110.137
SI,2007-04-01,109.6276
SI,2007-07-01,112.1823
SI,2007-10-01,115.1662
SI,2008-01-01,115.582
SI,2008-04-01,112.3336
SI,2008-07-01,113.8827
SI,2008-10-01,111.234
SI,2009-01-01,104.7894
SI,2009-04-01,101.0682
SI,2009-07-01,99.7494
SI,2009-10-01,101.0666
SI,2010-01-01,101.665
SI,2010-04-01,100.0224
SI,2010-07-01,99.0568
SI,2010-10-01,99.2863
SI,2011-01-01,104.057
SI,2011-04-01,101.4359
SI,2011-07-01,99.8994
SI,2011-10-01,98.1933
SI,2012-01-01,94.342
SI,2012-04-01,93.3756
SI,2012-07-01,91.2981
SI,2012-10-01,87.2796
SI,2013-01-01,88.2269
SI,2013-04-01,87.7037
SI,2013-07-01,82.5803
SI,2013-10-01,82.5436
SI,2014-01-01,81.9629
SI,2014-04-01,78.6246
SI,2014-07-01,78.3409
SI,2014-10-01,78.9995
SI,2015-01-01,81.1308
SI,2015-04-01,81.9533
SI,2015-07-01,79.5114
SI,2015-10-01,79.4873
SI,2016-01-01,82.3838
SI,2016-04-01,82.5403
SI,2016-07-01,83.3332
SI,2016-10-01,84.4828
SI,2017-01-01,86.3389
SI,2017-04-01,88.0959
SI,2017-07-01,89.0816
SI,2017-10-01,91.6396
SI,2018-01-01,93.4178
SI,2018-04-01,93.1618
SI,2018-07-01,95.6131
SI,2018-10-01,97.3771
SI,2019-01-01,99.1932
SI,2019-04-01,98.4513
SI,2019-07-01,100.365
SI,2019-10-01,100.5263
SI,2020-01-01,102.3492
SI,2020-04-01,104.5569
SI,2020-07-01,103.7354
SI,2020-10-01,106.4747
SI,2021-01-01,110.3742
SI,2021-04-01,112.9715
SI,2021-07-01,114.6325
SI,2021-10-01,118.3411
SI,2022-01-01,121.8437
SI,2022-04-01,120.3181
SI,2022-07-01,119.308
SI,2022-10-01,120.0008
SI,2023-01-01,120.7959
SI,2023-04-01,119.548
SI,2023-07-01,118.2665
SI,2023-10-01,121.8441
SI,2024-01-01,124.165
SI,2024-04-01,124.579
SI,2024-07-01,126.4198
SI,2024-10-01,130.6091
SK,2006-01-01,82.1598
SK,2006-04-01,84.8408
SK,2006-07-01,86.7919
SK,2006-10-01,91.3624
SK,2007-01-01,97.3882
SK,2007-04-01,103.8402
SK,2007-07-01,112.3149
SK,2007-10-01,119.512
SK,2008-01-01,124.8626
SK,2008-04-01,127.7819
SK,2008-07-01,120.8157
SK,2008-10-01,115.1511
SK,2009-01-01,107.5304
SK,2009-04-01,102.6798
SK,2009-07-01,107.3366
SK,2009-10-01,101.8102
SK,2010-01-01,101.2206
SK,2010-04-01,100.1314
SK,2010-07-01,99.4036
SK,2010-10-01,99.2526
SK,2011-01-01,96.9183
SK,2011-04-01,94.4914
SK,2011-07-01,94.8343
SK,2011-10-01,92.7851
SK,2012-01-01,90.4342
SK,2012-04-01,88.9704
SK,2012-07-01,89.2593
SK,2012-10-01,87.0081
SK,2013-01-01,88.5206
SK,2013-04-01,88.5436
SK,2013-07-01,88.2275
SK,2013-10-01,88.4142
SK,2014-01-01,88.2042
SK,2014-04-01,89.5284
SK,2014-07-01,89.5296
SK,2014-10-01,91.3638
SK,2015-01-01,93.1833
SK,2015-04-01,94.5621
SK,2015-07-01,94.9441
SK,2015-10-01,96.2355
SK,2016-01-01,98.3903
SK,2016-04-01,100.8297
SK,2016-07-01,102.7787
SK,2016-10-01,104.2919
SK,2017-01-01,100.9357
SK,2017-04-01,106.3619
SK,2017-07-01,108.6208
SK,2017-10-01,108.4696
SK,2018-01-01,110.4229
SK,2018-04-01,110.8674
SK,2018-07-01,110.3619
SK,2018-10-01,113.3551
SK,2019-01-01,113.9714
SK,2019-04-01,117.0503
SK,2019-07-01,119.7056
SK,2019-10-01,122.2295
SK,2020-01-01,125.4768
SK,2020-04-01,125.9768
SK,2020-07-01,127.7852
SK,2020-10-01,128.9483
SK,2021-01-01,126.6944
SK,2021-04-01,129.0599
SK,2021-07-01,132.8882
SK,2021-10-01,135.3433
SK,2022-01-01,132.4013
SK,2022-04-01,133.7697
SK,2022-07-01,133.647
SK,2022-10-01,128.877
SK,2023-01-01,123.5528
SK,2023-04-01,116.69970000000001
SK,2023-07-01,117.7202
SK,2023-10-01,119.4283
SK,2024-01-01,116.2024
SK,2024-04-01,118.8672
SK,2024-07-01,121.7268
SK,2024-10-01,125.1272
I9,2005-01-01,90.9971
I9,2005-04-01,93.6178
I9,2005-07-01,94.9561
I9,2005-10-01,93.5916
I9,2006-01-01,94.3061
I9,2006-04-01,96.7634
I9,2006-07-01,97.3767
I9,2006-10-01,96.1317
I9,2007-01-01,97.3447
I9,2007-04-01,100.2313
I9,2007-07-01,101.27
I9,2007-10-01,99.5035
I9,2008-01-01,99.5793
I9,2008-04-01,101.52
I9,2008-07-01,102.6049
I9,2008-10-01,101.3082
I9,2009-01-01,101.2684
I9,2009-04-01,101.8548
I9,2009-07-01,101.4754
I9,2009-10-01,100.1913
I9,2010-01-01,98.8179
I9,2010-04-01,99.9587
I9,2010-07-01,100.8718
I9,2010-10-01,100.3425
I9,2011-01-01,100.8657
I9,2011-04-01,102.7014
I9,2011-07-01,103.3862
I9,2011-10-01,102.2768
I9,2012-01-01,101.0428
I9,2012-04-01,101.9097
I9,2012-07-01,101.6888
I9,2012-10-01,100.9679
I9,2013-01-01,101.1349
I9,2013-04-01,102.533
I9,2013-07-01,103.9157
I9,2013-10-01,103.1217
I9,2014-01-01,102.6296
I9,2014-04-01,103.1446
I9,2014-07-01,103.1213
I9,2014-10-01,102.785
I9,2015-01-01,103.875
I9,2015-04-01,107.8755
I9,2015-07-01,110.8657
I9,2015-10-01,110.7715
I9,2016-01-01,110.8209
I9,2016-04-01,113.3785
I9,2016-07-01,114.4312
I9,2016-10-01,113.5879
I9,2017-01-01,113.3391
I9,2017-04-01,114.8572
I9,2017-07-01,115.9527
I9,2017-10-01,115.6889
I9,2018-01-01,116.6998
I9,2018-04-01,119.3621
I9,2018-07-01,120.5239
I9,2018-10-01,120.655
I9,2019-01-01,122.2262
I9,2019-04-01,125.0465
I9,2019-07-01,126.5091
I9,2019-10-01,126.1846
I9,2020-01-01,126.5326
I9,2020-04-01,128.69
I9,2020-07-01,127.8991
I9,2020-10-01,128.4474
I9,2021-01-01,129.6716
I9,2021-04-01,130.8693
I9,2021-07-01,131.3621
I9,2021-10-01,130.3188
I9,2022-01-01,130.2439
I9,2022-04-01,131.1043
I9,2022-07-01,132.4609
I9,2022-10-01,133.2171
I9,2023-01-01,135.3621
I9,2023-04-01,138.3224
I9,2023-07-01,139.7483
I9,2023-10-01,140.4219
I9,2024-01-01,141.9676
I9,2024-04-01,144.3732
I9,2024-07-01,145.2581
I9,2024-10-01,146.0747
